DEBUG 2026-07-31 22:04:30 rt_utils.py:248 Third-party plugin import summary: imported=[] failed=[]
DEBUG 2026-07-31 22:04:30 d_metavar.py:22 Metavar for type None: None
DEBUG 2026-07-31 22:04:30 formatter.py:52 action type: None, Result: , nargs: 0, default metavar: None
DEBUG 2026-07-31 22:04:30 d_metavar.py:22 Metavar for type <class 'str'>: str
DEBUG 2026-07-31 22:04:30 formatter.py:52 action type: <class 'str'>, Result: str, nargs: None, default metavar: None
DEBUG 2026-07-31 22:04:30 _wrapper.py:168 wrapped field at policy_type has a default value of None
DEBUG 2026-07-31 22:04:30 _wrapper.py:168 wrapped field at pretrained_name_or_path has a default value of None
DEBUG 2026-07-31 22:04:30 _wrapper.py:168 wrapped field at actions_per_chunk has a default value of None
DEBUG 2026-07-31 22:04:30 _wrapper.py:168 wrapped field at task has a default value of 
DEBUG 2026-07-31 22:04:30 _wrapper.py:168 wrapped field at server_address has a default value of localhost:8080
DEBUG 2026-07-31 22:04:30 _wrapper.py:168 wrapped field at policy_device has a default value of cpu
DEBUG 2026-07-31 22:04:30 _wrapper.py:168 wrapped field at client_device has a default value of cpu
DEBUG 2026-07-31 22:04:30 _wrapper.py:168 wrapped field at chunk_size_threshold has a default value of 0.5
DEBUG 2026-07-31 22:04:30 _wrapper.py:168 wrapped field at fps has a default value of 30
DEBUG 2026-07-31 22:04:30 _wrapper.py:168 wrapped field at aggregate_fn_name has a default value of weighted_average
DEBUG 2026-07-31 22:04:30 _wrapper.py:168 wrapped field at debug_visualize_queue_size has a default value of False
DEBUG 2026-07-31 22:04:30 _wrapper.py:309 Arg options for field 'policy_type': {'required': False, 'dest': 'policy_type', 'default': None, 'help': 'Policy configuration', 'type': <class 'str'>}
DEBUG 2026-07-31 22:04:30 _wrapper.py:309 Arg options for field 'pretrained_name_or_path': {'required': False, 'dest': 'pretrained_name_or_path', 'default': None, 'type': <class 'str'>}
DEBUG 2026-07-31 22:04:30 d_metavar.py:22 Metavar for type <class 'str'>: str
DEBUG 2026-07-31 22:04:30 formatter.py:52 action type: <class 'str'>, Result: str, nargs: None, default metavar: None
DEBUG 2026-07-31 22:04:30 _wrapper.py:168 wrapped field at robot.port has a default value of None
DEBUG 2026-07-31 22:04:30 _wrapper.py:168 wrapped field at robot.disable_torque_on_disconnect has a default value of True
DEBUG 2026-07-31 22:04:30 _wrapper.py:201 wrapped field at robot.max_relative_target has a default value of None
DEBUG 2026-07-31 22:04:30 _wrapper.py:201 wrapped field at robot.cameras has a default value of {}
DEBUG 2026-07-31 22:04:30 _wrapper.py:168 wrapped field at robot.use_degrees has a default value of True
DEBUG 2026-07-31 22:04:30 _wrapper.py:201 wrapped field at robot.id has a default value of None
DEBUG 2026-07-31 22:04:30 _wrapper.py:201 wrapped field at robot.calibration_dir has a default value of None
DEBUG 2026-07-31 22:04:30 _wrapper.py:168 wrapped field at robot.port has a default value of None
DEBUG 2026-07-31 22:04:30 _wrapper.py:168 wrapped field at robot.disable_torque_on_disconnect has a default value of True
DEBUG 2026-07-31 22:04:30 _wrapper.py:201 wrapped field at robot.max_relative_target has a default value of None
DEBUG 2026-07-31 22:04:30 _wrapper.py:201 wrapped field at robot.cameras has a default value of {}
DEBUG 2026-07-31 22:04:30 _wrapper.py:168 wrapped field at robot.use_degrees has a default value of True
DEBUG 2026-07-31 22:04:30 _wrapper.py:201 wrapped field at robot.id has a default value of None
DEBUG 2026-07-31 22:04:30 _wrapper.py:201 wrapped field at robot.calibration_dir has a default value of None
DEBUG 2026-07-31 22:04:30 _wrapper.py:201 wrapped field at robot.id has a default value of None
DEBUG 2026-07-31 22:04:30 _wrapper.py:201 wrapped field at robot.calibration_dir has a default value of None
DEBUG 2026-07-31 22:04:30 _wrapper.py:168 wrapped field at robot.left_arm_config.port has a default value of None
DEBUG 2026-07-31 22:04:30 _wrapper.py:168 wrapped field at robot.left_arm_config.disable_torque_on_disconnect has a default value of True
DEBUG 2026-07-31 22:04:30 _wrapper.py:201 wrapped field at robot.left_arm_config.max_relative_target has a default value of None
DEBUG 2026-07-31 22:04:30 _wrapper.py:201 wrapped field at robot.left_arm_config.cameras has a default value of {}
DEBUG 2026-07-31 22:04:30 _wrapper.py:168 wrapped field at robot.left_arm_config.use_degrees has a default value of True
DEBUG 2026-07-31 22:04:30 _wrapper.py:168 wrapped field at robot.right_arm_config.port has a default value of None
DEBUG 2026-07-31 22:04:30 _wrapper.py:168 wrapped field at robot.right_arm_config.disable_torque_on_disconnect has a default value of True
DEBUG 2026-07-31 22:04:30 _wrapper.py:201 wrapped field at robot.right_arm_config.max_relative_target has a default value of None
DEBUG 2026-07-31 22:04:30 _wrapper.py:201 wrapped field at robot.right_arm_config.cameras has a default value of {}
DEBUG 2026-07-31 22:04:30 _wrapper.py:168 wrapped field at robot.right_arm_config.use_degrees has a default value of True
DEBUG 2026-07-31 22:04:30 _wrapper.py:201 wrapped field at robot.cameras has a default value of {}
DEBUG 2026-07-31 22:04:30 _wrapper.py:201 wrapped field at robot.id has a default value of None
DEBUG 2026-07-31 22:04:30 _wrapper.py:201 wrapped field at robot.calibration_dir has a default value of None
DEBUG 2026-07-31 22:04:30 _wrapper.py:168 wrapped field at robot.port has a default value of None
DEBUG 2026-07-31 22:04:30 _wrapper.py:168 wrapped field at robot.disable_torque_on_disconnect has a default value of True
DEBUG 2026-07-31 22:04:30 _wrapper.py:201 wrapped field at robot.max_relative_target has a default value of None
DEBUG 2026-07-31 22:04:30 _wrapper.py:201 wrapped field at robot.cameras has a default value of {}
DEBUG 2026-07-31 22:04:30 _wrapper.py:168 wrapped field at robot.use_degrees has a default value of False
DEBUG 2026-07-31 22:04:30 _wrapper.py:201 wrapped field at robot.id has a default value of None
DEBUG 2026-07-31 22:04:30 _wrapper.py:201 wrapped field at robot.calibration_dir has a default value of None
DEBUG 2026-07-31 22:04:30 _wrapper.py:168 wrapped field at robot.port has a default value of None
DEBUG 2026-07-31 22:04:30 _wrapper.py:168 wrapped field at robot.disable_torque_on_disconnect has a default value of True
DEBUG 2026-07-31 22:04:30 _wrapper.py:201 wrapped field at robot.max_relative_target has a default value of None
DEBUG 2026-07-31 22:04:30 _wrapper.py:201 wrapped field at robot.cameras has a default value of {}
DEBUG 2026-07-31 22:04:30 _wrapper.py:168 wrapped field at robot.use_degrees has a default value of False
DEBUG 2026-07-31 22:04:30 docstring.py:65 Couldn't find the attribute docstring: source code not available
DEBUG 2026-07-31 22:04:30 _wrapper.py:309 Arg options for field 'port': {'required': False, 'dest': 'robot.port', 'default': None, 'type': <class 'str'>}
DEBUG 2026-07-31 22:04:30 docstring.py:65 Couldn't find the attribute docstring: source code not available
DEBUG 2026-07-31 22:04:30 _wrapper.py:309 Arg options for field 'disable_torque_on_disconnect': {'required': False, 'dest': 'robot.disable_torque_on_disconnect', 'default': True, 'help': ' ', 'type': <class 'bool'>}
DEBUG 2026-07-31 22:04:30 docstring.py:65 Couldn't find the attribute docstring: source code not available
DEBUG 2026-07-31 22:04:30 _wrapper.py:309 Arg options for field 'max_relative_target': {'required': False, 'dest': 'robot.max_relative_target', 'default': None, 'type': typing.Union[float, typing.Dict[str, float], NoneType]}
DEBUG 2026-07-31 22:04:30 docstring.py:65 Couldn't find the attribute docstring: source code not available
DEBUG 2026-07-31 22:04:30 _wrapper.py:309 Arg options for field 'cameras': {'required': False, 'dest': 'robot.cameras', 'default': {}, 'help': ' ', 'type': typing.Dict[str, lerobot.cameras.configs.CameraConfig]}
DEBUG 2026-07-31 22:04:30 docstring.py:65 Couldn't find the attribute docstring: source code not available
DEBUG 2026-07-31 22:04:30 _wrapper.py:309 Arg options for field 'use_degrees': {'required': False, 'dest': 'robot.use_degrees', 'default': True, 'help': ' ', 'type': <class 'bool'>}
DEBUG 2026-07-31 22:04:30 _wrapper.py:309 Arg options for field 'id': {'required': False, 'dest': 'robot.id', 'default': None, 'help': 'Allows to distinguish between different robots of the same type', 'type': typing.Optional[str]}
DEBUG 2026-07-31 22:04:30 _wrapper.py:309 Arg options for field 'calibration_dir': {'required': False, 'dest': 'robot.calibration_dir', 'default': None, 'help': 'Directory to store calibration file', 'type': typing.Optional[pathlib._local.Path]}
DEBUG 2026-07-31 22:04:30 docstring.py:65 Couldn't find the attribute docstring: source code not available
DEBUG 2026-07-31 22:04:30 _wrapper.py:309 Arg options for field 'port': {'required': False, 'dest': 'robot.port', 'default': None, 'type': <class 'str'>}
DEBUG 2026-07-31 22:04:30 docstring.py:65 Couldn't find the attribute docstring: source code not available
DEBUG 2026-07-31 22:04:30 _wrapper.py:309 Arg options for field 'disable_torque_on_disconnect': {'required': False, 'dest': 'robot.disable_torque_on_disconnect', 'default': True, 'help': ' ', 'type': <class 'bool'>}
DEBUG 2026-07-31 22:04:30 docstring.py:65 Couldn't find the attribute docstring: source code not available
DEBUG 2026-07-31 22:04:30 _wrapper.py:309 Arg options for field 'max_relative_target': {'required': False, 'dest': 'robot.max_relative_target', 'default': None, 'type': typing.Union[float, typing.Dict[str, float], NoneType]}
DEBUG 2026-07-31 22:04:30 docstring.py:65 Couldn't find the attribute docstring: source code not available
DEBUG 2026-07-31 22:04:30 _wrapper.py:309 Arg options for field 'cameras': {'required': False, 'dest': 'robot.cameras', 'default': {}, 'help': ' ', 'type': typing.Dict[str, lerobot.cameras.configs.CameraConfig]}
DEBUG 2026-07-31 22:04:30 docstring.py:65 Couldn't find the attribute docstring: source code not available
DEBUG 2026-07-31 22:04:30 _wrapper.py:309 Arg options for field 'use_degrees': {'required': False, 'dest': 'robot.use_degrees', 'default': True, 'help': ' ', 'type': <class 'bool'>}
DEBUG 2026-07-31 22:04:30 _wrapper.py:309 Arg options for field 'id': {'required': False, 'dest': 'robot.id', 'default': None, 'help': 'Allows to distinguish between different robots of the same type', 'type': typing.Optional[str]}
DEBUG 2026-07-31 22:04:30 _wrapper.py:309 Arg options for field 'calibration_dir': {'required': False, 'dest': 'robot.calibration_dir', 'default': None, 'help': 'Directory to store calibration file', 'type': typing.Optional[pathlib._local.Path]}
DEBUG 2026-07-31 22:04:30 _wrapper.py:309 Arg options for field 'id': {'required': False, 'dest': 'robot.id', 'default': None, 'help': 'Allows to distinguish between different robots of the same type', 'type': typing.Optional[str]}
DEBUG 2026-07-31 22:04:30 _wrapper.py:309 Arg options for field 'calibration_dir': {'required': False, 'dest': 'robot.calibration_dir', 'default': None, 'help': 'Directory to store calibration file', 'type': typing.Optional[pathlib._local.Path]}
DEBUG 2026-07-31 22:04:30 d_metavar.py:22 Metavar for type <class 'str'>: str
DEBUG 2026-07-31 22:04:30 formatter.py:52 action type: <class 'str'>, Result: str, nargs: None, default metavar: None
DEBUG 2026-07-31 22:04:30 _wrapper.py:309 Arg options for field 'port': {'required': False, 'dest': 'robot.left_arm_config.port', 'default': None, 'help': 'Port to connect to the arm', 'type': <class 'str'>}
DEBUG 2026-07-31 22:04:30 _wrapper.py:309 Arg options for field 'disable_torque_on_disconnect': {'required': False, 'dest': 'robot.left_arm_config.disable_torque_on_disconnect', 'default': True, 'help': ' ', 'type': <class 'bool'>}
DEBUG 2026-07-31 22:04:30 _wrapper.py:309 Arg options for field 'max_relative_target': {'required': False, 'dest': 'robot.left_arm_config.max_relative_target', 'default': None, 'help': '`max_relative_target` limits the magnitude of the relative positional target vector for safety purposes.\nSet this to a positive scalar to have the same value for all motors, or a dictionary that maps motor\nnames to the max_relative_target value for that motor.', 'type': typing.Union[float, typing.Dict[str, float], NoneType]}
DEBUG 2026-07-31 22:04:30 _wrapper.py:309 Arg options for field 'cameras': {'required': False, 'dest': 'robot.left_arm_config.cameras', 'default': {}, 'help': 'cameras', 'type': typing.Dict[str, lerobot.cameras.configs.CameraConfig]}
DEBUG 2026-07-31 22:04:30 _wrapper.py:309 Arg options for field 'use_degrees': {'required': False, 'dest': 'robot.left_arm_config.use_degrees', 'default': True, 'help': 'Set to `True` for backward compatibility with previous policies/dataset', 'type': <class 'bool'>}
DEBUG 2026-07-31 22:04:30 d_metavar.py:22 Metavar for type <class 'str'>: str
DEBUG 2026-07-31 22:04:30 formatter.py:52 action type: <class 'str'>, Result: str, nargs: None, default metavar: None
DEBUG 2026-07-31 22:04:30 _wrapper.py:309 Arg options for field 'port': {'required': False, 'dest': 'robot.right_arm_config.port', 'default': None, 'help': 'Port to connect to the arm', 'type': <class 'str'>}
DEBUG 2026-07-31 22:04:30 _wrapper.py:309 Arg options for field 'disable_torque_on_disconnect': {'required': False, 'dest': 'robot.right_arm_config.disable_torque_on_disconnect', 'default': True, 'help': ' ', 'type': <class 'bool'>}
DEBUG 2026-07-31 22:04:30 _wrapper.py:309 Arg options for field 'max_relative_target': {'required': False, 'dest': 'robot.right_arm_config.max_relative_target', 'default': None, 'help': '`max_relative_target` limits the magnitude of the relative positional target vector for safety purposes.\nSet this to a positive scalar to have the same value for all motors, or a dictionary that maps motor\nnames to the max_relative_target value for that motor.', 'type': typing.Union[float, typing.Dict[str, float], NoneType]}
DEBUG 2026-07-31 22:04:30 _wrapper.py:309 Arg options for field 'cameras': {'required': False, 'dest': 'robot.right_arm_config.cameras', 'default': {}, 'help': 'cameras', 'type': typing.Dict[str, lerobot.cameras.configs.CameraConfig]}
DEBUG 2026-07-31 22:04:30 _wrapper.py:309 Arg options for field 'use_degrees': {'required': False, 'dest': 'robot.right_arm_config.use_degrees', 'default': True, 'help': 'Set to `True` for backward compatibility with previous policies/dataset', 'type': <class 'bool'>}
DEBUG 2026-07-31 22:04:30 _wrapper.py:309 Arg options for field 'cameras': {'required': False, 'dest': 'robot.cameras', 'default': {}, 'help': 'Top-level cameras not attached to a specific side. Keys are kept as-is in\nobservations (no `left_`/`right_` prefix). Per-arm cameras (declared on\n`{left,right}_arm_config.cameras`) are prefixed.', 'type': typing.Dict[str, lerobot.cameras.configs.CameraConfig]}
DEBUG 2026-07-31 22:04:30 _wrapper.py:309 Arg options for field 'id': {'required': False, 'dest': 'robot.id', 'default': None, 'help': 'Allows to distinguish between different robots of the same type', 'type': typing.Optional[str]}
DEBUG 2026-07-31 22:04:30 _wrapper.py:309 Arg options for field 'calibration_dir': {'required': False, 'dest': 'robot.calibration_dir', 'default': None, 'help': 'Directory to store calibration file', 'type': typing.Optional[pathlib._local.Path]}
DEBUG 2026-07-31 22:04:30 _wrapper.py:309 Arg options for field 'port': {'required': False, 'dest': 'robot.port', 'default': None, 'help': 'Port to connect to the arm', 'type': <class 'str'>}
DEBUG 2026-07-31 22:04:30 _wrapper.py:309 Arg options for field 'disable_torque_on_disconnect': {'required': False, 'dest': 'robot.disable_torque_on_disconnect', 'default': True, 'help': ' ', 'type': <class 'bool'>}
DEBUG 2026-07-31 22:04:30 _wrapper.py:309 Arg options for field 'max_relative_target': {'required': False, 'dest': 'robot.max_relative_target', 'default': None, 'help': '`max_relative_target` limits the magnitude of the relative positional target vector for safety purposes.\nSet this to a positive scalar to have the same value for all motors, or a dictionary that maps motor\nnames to the max_relative_target value for that motor.', 'type': typing.Union[float, typing.Dict[str, float], NoneType]}
DEBUG 2026-07-31 22:04:30 _wrapper.py:309 Arg options for field 'cameras': {'required': False, 'dest': 'robot.cameras', 'default': {}, 'help': 'cameras', 'type': typing.Dict[str, lerobot.cameras.configs.CameraConfig]}
DEBUG 2026-07-31 22:04:30 _wrapper.py:309 Arg options for field 'use_degrees': {'required': False, 'dest': 'robot.use_degrees', 'default': False, 'help': 'Set to `True` for backward compatibility with previous policies/dataset', 'type': <class 'bool'>}
DEBUG 2026-07-31 22:04:30 _wrapper.py:309 Arg options for field 'id': {'required': False, 'dest': 'robot.id', 'default': None, 'help': 'Allows to distinguish between different robots of the same type', 'type': typing.Optional[str]}
DEBUG 2026-07-31 22:04:30 _wrapper.py:309 Arg options for field 'calibration_dir': {'required': False, 'dest': 'robot.calibration_dir', 'default': None, 'help': 'Directory to store calibration file', 'type': typing.Optional[pathlib._local.Path]}
DEBUG 2026-07-31 22:04:30 _wrapper.py:309 Arg options for field 'port': {'required': False, 'dest': 'robot.port', 'default': None, 'help': 'Port to connect to the arm', 'type': <class 'str'>}
DEBUG 2026-07-31 22:04:30 _wrapper.py:309 Arg options for field 'disable_torque_on_disconnect': {'required': False, 'dest': 'robot.disable_torque_on_disconnect', 'default': True, 'help': ' ', 'type': <class 'bool'>}
DEBUG 2026-07-31 22:04:30 _wrapper.py:309 Arg options for field 'max_relative_target': {'required': False, 'dest': 'robot.max_relative_target', 'default': None, 'help': '`max_relative_target` limits the magnitude of the relative positional target vector for safety purposes.\nSet this to a positive scalar to have the same value for all motors, or a dictionary that maps motor\nnames to the max_relative_target value for that motor.', 'type': typing.Union[float, typing.Dict[str, float], NoneType]}
DEBUG 2026-07-31 22:04:30 _wrapper.py:309 Arg options for field 'cameras': {'required': False, 'dest': 'robot.cameras', 'default': {}, 'help': 'cameras', 'type': typing.Dict[str, lerobot.cameras.configs.CameraConfig]}
DEBUG 2026-07-31 22:04:30 _wrapper.py:309 Arg options for field 'use_degrees': {'required': False, 'dest': 'robot.use_degrees', 'default': False, 'help': 'Set to `True` for backward compatibility with previous policies/dataset', 'type': <class 'bool'>}
DEBUG 2026-07-31 22:04:30 _wrapper.py:309 Arg options for field 'actions_per_chunk': {'required': False, 'dest': 'actions_per_chunk', 'default': None, 'help': 'Policies typically output K actions at max, but we can use less to avoid wasting bandwidth (as actions\nwould be aggregated on the client side anyway, depending on the value of `chunk_size_threshold`)', 'type': <class 'int'>}
DEBUG 2026-07-31 22:04:30 _wrapper.py:309 Arg options for field 'task': {'required': False, 'dest': 'task', 'default': '', 'help': "Task instruction for the robot to execute (e.g., 'fold my tshirt')", 'type': <class 'str'>}
DEBUG 2026-07-31 22:04:30 _wrapper.py:309 Arg options for field 'server_address': {'required': False, 'dest': 'server_address', 'default': 'localhost:8080', 'help': 'Network configuration', 'type': <class 'str'>}
DEBUG 2026-07-31 22:04:30 _wrapper.py:309 Arg options for field 'policy_device': {'required': False, 'dest': 'policy_device', 'default': 'cpu', 'help': 'Device configuration', 'type': <class 'str'>}
DEBUG 2026-07-31 22:04:30 ocstring.py:253 Warning: Unable to parse attribute docstring:         default="cpu",
DEBUG 2026-07-31 22:04:30 _wrapper.py:309 Arg options for field 'client_device': {'required': False, 'dest': 'client_device', 'default': 'cpu', 'help': ' ', 'type': <class 'str'>}
DEBUG 2026-07-31 22:04:30 _wrapper.py:309 Arg options for field 'chunk_size_threshold': {'required': False, 'dest': 'chunk_size_threshold', 'default': 0.5, 'help': '\n\nControl behavior configuration', 'type': <class 'float'>}
DEBUG 2026-07-31 22:04:30 _wrapper.py:309 Arg options for field 'fps': {'required': False, 'dest': 'fps', 'default': 30, 'help': ' ', 'type': <class 'int'>}
DEBUG 2026-07-31 22:04:30 ocstring.py:253 Warning: Unable to parse attribute docstring:         default="weighted_average",
DEBUG 2026-07-31 22:04:30 _wrapper.py:309 Arg options for field 'aggregate_fn_name': {'required': False, 'dest': 'aggregate_fn_name', 'default': 'weighted_average', 'help': 'Aggregate function configuration (CLI-compatible)', 'type': <class 'str'>}
DEBUG 2026-07-31 22:04:30 ocstring.py:253 Warning: Unable to parse attribute docstring:         default=False, metadata={"help": "Visualize the action queue size"}
DEBUG 2026-07-31 22:04:30 _wrapper.py:309 Arg options for field 'debug_visualize_queue_size': {'required': False, 'dest': 'debug_visualize_queue_size', 'default': False, 'help': '\n\n\nDebug configuration', 'type': <class 'bool'>}
DEBUG 2026-07-31 22:04:30 gparsing.py:143 
POST PROCESSING

DEBUG 2026-07-31 22:04:30 gparsing.py:144 (raw) parsed args: Namespace(policy_type='pi05', pretrained_name_or_path='/home/ubuntu/flow-matching/outputs/train/pi05_ft_rig_v2/checkpoints/000500/pretrained_model', server_address='localhost:8080', policy_device='cuda', task='Pick up the toy boat and place it on the wooden disk.', fps='30', actions_per_chunk='50', chunk_size_threshold='0.5', **{'robot.type': 'so101_follower', 'robot.port': '/dev/ttyACM1', 'robot.id': 'follower0', 'robot.max_relative_target': '80', 'robot.cameras': '{ base_0_rgb: {type: opencv, index_or_path: /dev/video6, width: 640, height: 480, fps: 30}, left_wrist_0_rgb: {type: opencv, index_or_path: /dev/video4, width: 640, height: 480, fps: 30}}'})
DEBUG 2026-07-31 22:04:30 decoding.py:112 from_dict for <class 'lerobot.async_inference.configs.RobotClientConfig'>
DEBUG 2026-07-31 22:04:30 decoding.py:132 Decode name = policy_type, type = <class 'str'>
DEBUG 2026-07-31 22:04:30 decoding.py:132 Decode name = pretrained_name_or_path, type = <class 'str'>
DEBUG 2026-07-31 22:04:30 decoding.py:132 Decode name = robot, type = <class 'lerobot.robots.config.RobotConfig'>
DEBUG 2026-07-31 22:04:30 decoding.py:112 from_dict for <class 'lerobot.robots.so_follower.config_so_follower.SOFollowerRobotConfig'>
DEBUG 2026-07-31 22:04:30 decoding.py:132 Decode name = port, type = <class 'str'>
DEBUG 2026-07-31 22:04:30 decoding.py:132 Decode name = max_relative_target, type = typing.Union[float, dict[str, float], NoneType]
DEBUG 2026-07-31 22:04:30 decoding.py:293 Decoding a Union field: typing.Union[float, dict[str, float], NoneType]
DEBUG 2026-07-31 22:04:30 decoding.py:261 Decoding a Dict field: dict[str, float]
DEBUG 2026-07-31 22:04:30 decoding.py:132 Decode name = cameras, type = dict[str, lerobot.cameras.configs.CameraConfig]
DEBUG 2026-07-31 22:04:30 decoding.py:261 Decoding a Dict field: dict[str, lerobot.cameras.configs.CameraConfig]
DEBUG 2026-07-31 22:04:30 decoding.py:112 from_dict for <class 'lerobot.cameras.opencv.configuration_opencv.OpenCVCameraConfig'>
DEBUG 2026-07-31 22:04:30 decoding.py:132 Decode name = fps, type = typing.Optional[int]
DEBUG 2026-07-31 22:04:30 decoding.py:293 Decoding a Union field: typing.Optional[int]
DEBUG 2026-07-31 22:04:30 decoding.py:132 Decode name = width, type = typing.Optional[int]
DEBUG 2026-07-31 22:04:30 decoding.py:132 Decode name = height, type = typing.Optional[int]
DEBUG 2026-07-31 22:04:30 decoding.py:132 Decode name = index_or_path, type = typing.Union[int, pathlib._local.Path]
DEBUG 2026-07-31 22:04:30 decoding.py:293 Decoding a Union field: typing.Union[int, pathlib._local.Path]
DEBUG 2026-07-31 22:04:30 decoding.py:112 from_dict for <class 'lerobot.cameras.opencv.configuration_opencv.OpenCVCameraConfig'>
DEBUG 2026-07-31 22:04:30 decoding.py:132 Decode name = fps, type = typing.Optional[int]
DEBUG 2026-07-31 22:04:30 decoding.py:132 Decode name = width, type = typing.Optional[int]
DEBUG 2026-07-31 22:04:30 decoding.py:132 Decode name = height, type = typing.Optional[int]
DEBUG 2026-07-31 22:04:30 decoding.py:132 Decode name = index_or_path, type = typing.Union[int, pathlib._local.Path]
DEBUG 2026-07-31 22:04:30 decoding.py:132 Decode name = id, type = typing.Optional[str]
DEBUG 2026-07-31 22:04:30 decoding.py:293 Decoding a Union field: typing.Optional[str]
DEBUG 2026-07-31 22:04:30 decoding.py:132 Decode name = actions_per_chunk, type = <class 'int'>
DEBUG 2026-07-31 22:04:30 decoding.py:132 Decode name = task, type = <class 'str'>
DEBUG 2026-07-31 22:04:30 decoding.py:132 Decode name = server_address, type = <class 'str'>
DEBUG 2026-07-31 22:04:30 decoding.py:132 Decode name = policy_device, type = <class 'str'>
DEBUG 2026-07-31 22:04:30 decoding.py:132 Decode name = chunk_size_threshold, type = <class 'float'>
DEBUG 2026-07-31 22:04:30 decoding.py:132 Decode name = fps, type = <class 'int'>
INFO 2026-07-31 22:04:30 t_client.py:486 {'actions_per_chunk': 50,
 'aggregate_fn_name': 'weighted_average',
 'chunk_size_threshold': 0.5,
 'client_device': 'cpu',
 'debug_visualize_queue_size': False,
 'fps': 30,
 'policy_device': 'cuda',
 'policy_type': 'pi05',
 'pretrained_name_or_path': '/home/ubuntu/flow-matching/outputs/train/pi05_ft_rig_v2/checkpoints/000500/pretrained_model',
 'robot': {'calibration_dir': None,
           'cameras': {'base_0_rgb': {'backend': <Cv2Backends.ANY: 0>,
                                      'color_mode': <ColorMode.RGB: 'rgb'>,
                                      'fourcc': None,
                                      'fps': 30,
                                      'height': 480,
                                      'index_or_path': PosixPath('/dev/video6'),
                                      'rotation': <Cv2Rotation.NO_ROTATION: 0>,
                                      'warmup_s': 1,
                                      'width': 640},
                       'left_wrist_0_rgb': {'backend': <Cv2Backends.ANY: 0>,
                                            'color_mode': <ColorMode.RGB: 'rgb'>,
                                            'fourcc': None,
                                            'fps': 30,
                                            'height': 480,
                                            'index_or_path': PosixPath('/dev/video4'),
                                            'rotation': <Cv2Rotation.NO_ROTATION: 0>,
                                            'warmup_s': 1,
                                            'width': 640}},
           'disable_torque_on_disconnect': True,
           'id': 'follower0',
           'max_relative_target': 80.0,
           'port': '/dev/ttyACM1',
           'use_degrees': True},
 'server_address': 'localhost:8080',
 'task': 'Pick up the toy boat and place it on the wooden disk.'}
DEBUG 2026-07-31 22:04:30 decoding.py:261 Decoding a Dict field: typing.Dict[str, lerobot.motors.motors_bus.MotorCalibration]
DEBUG 2026-07-31 22:04:30 decoding.py:112 from_dict for <class 'lerobot.motors.motors_bus.MotorCalibration'>
DEBUG 2026-07-31 22:04:30 decoding.py:132 Decode name = id, type = <class 'int'>
DEBUG 2026-07-31 22:04:30 decoding.py:132 Decode name = drive_mode, type = <class 'int'>
DEBUG 2026-07-31 22:04:30 decoding.py:132 Decode name = homing_offset, type = <class 'int'>
DEBUG 2026-07-31 22:04:30 decoding.py:132 Decode name = range_min, type = <class 'int'>
DEBUG 2026-07-31 22:04:30 decoding.py:132 Decode name = range_max, type = <class 'int'>
DEBUG 2026-07-31 22:04:30 decoding.py:112 from_dict for <class 'lerobot.motors.motors_bus.MotorCalibration'>
DEBUG 2026-07-31 22:04:30 decoding.py:132 Decode name = id, type = <class 'int'>
DEBUG 2026-07-31 22:04:30 decoding.py:132 Decode name = drive_mode, type = <class 'int'>
DEBUG 2026-07-31 22:04:30 decoding.py:132 Decode name = homing_offset, type = <class 'int'>
DEBUG 2026-07-31 22:04:30 decoding.py:132 Decode name = range_min, type = <class 'int'>
DEBUG 2026-07-31 22:04:30 decoding.py:132 Decode name = range_max, type = <class 'int'>
DEBUG 2026-07-31 22:04:30 decoding.py:112 from_dict for <class 'lerobot.motors.motors_bus.MotorCalibration'>
DEBUG 2026-07-31 22:04:30 decoding.py:132 Decode name = id, type = <class 'int'>
DEBUG 2026-07-31 22:04:30 decoding.py:132 Decode name = drive_mode, type = <class 'int'>
DEBUG 2026-07-31 22:04:30 decoding.py:132 Decode name = homing_offset, type = <class 'int'>
DEBUG 2026-07-31 22:04:30 decoding.py:132 Decode name = range_min, type = <class 'int'>
DEBUG 2026-07-31 22:04:30 decoding.py:132 Decode name = range_max, type = <class 'int'>
DEBUG 2026-07-31 22:04:30 decoding.py:112 from_dict for <class 'lerobot.motors.motors_bus.MotorCalibration'>
DEBUG 2026-07-31 22:04:30 decoding.py:132 Decode name = id, type = <class 'int'>
DEBUG 2026-07-31 22:04:30 decoding.py:132 Decode name = drive_mode, type = <class 'int'>
DEBUG 2026-07-31 22:04:30 decoding.py:132 Decode name = homing_offset, type = <class 'int'>
DEBUG 2026-07-31 22:04:30 decoding.py:132 Decode name = range_min, type = <class 'int'>
DEBUG 2026-07-31 22:04:30 decoding.py:132 Decode name = range_max, type = <class 'int'>
DEBUG 2026-07-31 22:04:30 decoding.py:112 from_dict for <class 'lerobot.motors.motors_bus.MotorCalibration'>
DEBUG 2026-07-31 22:04:30 decoding.py:132 Decode name = id, type = <class 'int'>
DEBUG 2026-07-31 22:04:30 decoding.py:132 Decode name = drive_mode, type = <class 'int'>
DEBUG 2026-07-31 22:04:30 decoding.py:132 Decode name = homing_offset, type = <class 'int'>
DEBUG 2026-07-31 22:04:30 decoding.py:132 Decode name = range_min, type = <class 'int'>
DEBUG 2026-07-31 22:04:30 decoding.py:132 Decode name = range_max, type = <class 'int'>
DEBUG 2026-07-31 22:04:30 decoding.py:112 from_dict for <class 'lerobot.motors.motors_bus.MotorCalibration'>
DEBUG 2026-07-31 22:04:30 decoding.py:132 Decode name = id, type = <class 'int'>
DEBUG 2026-07-31 22:04:30 decoding.py:132 Decode name = drive_mode, type = <class 'int'>
DEBUG 2026-07-31 22:04:30 decoding.py:132 Decode name = homing_offset, type = <class 'int'>
DEBUG 2026-07-31 22:04:30 decoding.py:132 Decode name = range_min, type = <class 'int'>
DEBUG 2026-07-31 22:04:30 decoding.py:132 Decode name = range_max, type = <class 'int'>
DEBUG 2026-07-31 22:04:30 ort_utils.py:65 Detected feetech-servo-sdk version: 1.0.0
DEBUG 2026-07-31 22:04:30 ort_utils.py:65 Detected pyserial version: 3.5
DEBUG 2026-07-31 22:04:30 ort_utils.py:65 Detected deepdiff version: 8.6.2
DEBUG 2026-07-31 22:04:30 tors_bus.py:527 FeetechMotorsBus connected.
INFO 2026-07-31 22:04:31 a_opencv.py:179 OpenCVCamera(/dev/video6) connected.
INFO 2026-07-31 22:04:33 a_opencv.py:179 OpenCVCamera(/dev/video4) connected.
INFO 2026-07-31 22:04:33 follower.py:109 follower0 SOFollower connected.
INFO 2026-07-31 22:04:33 t_client.py:114 Initializing client to connect to server at localhost:8080
INFO 2026-07-31 22:04:33 t_client.py:133 Robot connected and ready
DEBUG 2026-07-31 22:04:33 t_client.py:150 Connected to policy server in 0.5761s
INFO 2026-07-31 22:04:33 t_client.py:156 Sending policy instructions to policy server
DEBUG 2026-07-31 22:04:33 t_client.py:157 Policy type: pi05 | Pretrained name or path: /home/ubuntu/flow-matching/outputs/train/pi05_ft_rig_v2/checkpoints/000500/pretrained_model | Device: cuda
INFO 2026-07-31 22:06:02 t_client.py:495 Starting action receiver thread...
INFO 2026-07-31 22:06:02 t_client.py:462 Control loop thread starting
INFO 2026-07-31 22:06:02 t_client.py:273 Action receiving thread starting
DEBUG 2026-07-31 22:06:02 follower.py:188 follower0 SOFollower read state: 1.9ms
DEBUG 2026-07-31 22:06:02 follower.py:196 follower0 SOFollower read base_0_rgb: 0.0ms
DEBUG 2026-07-31 22:06:02 follower.py:196 follower0 SOFollower read left_wrist_0_rgb: 0.0ms
DEBUG 2026-07-31 22:06:02 t_client.py:198 Observation serialization time: 0.002473s
DEBUG 2026-07-31 22:06:02 ort/utils.py:54 [CLIENT] Observation Buffer size 1.758378028869629 MB with
DEBUG 2026-07-31 22:06:02 ort/utils.py:69 [CLIENT] Observation Sent 1843793/1843793 bytes with state 3
DEBUG 2026-07-31 22:06:02 ort/utils.py:71 [CLIENT] Observation Published 1.758378028869629 MB
DEBUG 2026-07-31 22:06:07 t_client.py:209 Sent observation #0 | 
DEBUG 2026-07-31 22:06:07 t_client.py:434 QUEUE SIZE: 0 (Must go: True)
DEBUG 2026-07-31 22:06:07 t_client.py:477 Control loop (ms): 5324.71
DEBUG 2026-07-31 22:06:07 follower.py:188 follower0 SOFollower read state: 1.7ms
DEBUG 2026-07-31 22:06:07 follower.py:196 follower0 SOFollower read base_0_rgb: 0.0ms
DEBUG 2026-07-31 22:06:07 follower.py:196 follower0 SOFollower read left_wrist_0_rgb: 0.0ms
DEBUG 2026-07-31 22:06:07 t_client.py:198 Observation serialization time: 0.000616s
DEBUG 2026-07-31 22:06:07 ort/utils.py:54 [CLIENT] Observation Buffer size 1.758378028869629 MB with
DEBUG 2026-07-31 22:06:07 ort/utils.py:69 [CLIENT] Observation Sent 1843793/1843793 bytes with state 3
DEBUG 2026-07-31 22:06:07 ort/utils.py:71 [CLIENT] Observation Published 1.758378028869629 MB
DEBUG 2026-07-31 22:06:13 t_client.py:209 Sent observation #0 | 
DEBUG 2026-07-31 22:06:13 t_client.py:434 QUEUE SIZE: 0 (Must go: False)
DEBUG 2026-07-31 22:06:13 t_client.py:477 Control loop (ms): 6071.68
DEBUG 2026-07-31 22:06:13 follower.py:188 follower0 SOFollower read state: 1.7ms
DEBUG 2026-07-31 22:06:13 follower.py:196 follower0 SOFollower read base_0_rgb: 0.0ms
DEBUG 2026-07-31 22:06:13 follower.py:196 follower0 SOFollower read left_wrist_0_rgb: 0.0ms
DEBUG 2026-07-31 22:06:13 t_client.py:198 Observation serialization time: 0.000458s
DEBUG 2026-07-31 22:06:13 ort/utils.py:54 [CLIENT] Observation Buffer size 1.758378028869629 MB with
DEBUG 2026-07-31 22:06:13 ort/utils.py:69 [CLIENT] Observation Sent 1843793/1843793 bytes with state 3
DEBUG 2026-07-31 22:06:13 ort/utils.py:71 [CLIENT] Observation Published 1.758378028869629 MB
DEBUG 2026-07-31 22:06:21 t_client.py:209 Sent observation #0 | 
DEBUG 2026-07-31 22:06:21 t_client.py:434 QUEUE SIZE: 0 (Must go: False)
DEBUG 2026-07-31 22:06:21 t_client.py:477 Control loop (ms): 7343.44
DEBUG 2026-07-31 22:06:21 follower.py:188 follower0 SOFollower read state: 1.7ms
DEBUG 2026-07-31 22:06:21 follower.py:196 follower0 SOFollower read base_0_rgb: 0.0ms
DEBUG 2026-07-31 22:06:21 follower.py:196 follower0 SOFollower read left_wrist_0_rgb: 0.0ms
DEBUG 2026-07-31 22:06:21 t_client.py:198 Observation serialization time: 0.000629s
DEBUG 2026-07-31 22:06:21 ort/utils.py:54 [CLIENT] Observation Buffer size 1.758378028869629 MB with
DEBUG 2026-07-31 22:06:21 ort/utils.py:69 [CLIENT] Observation Sent 1843793/1843793 bytes with state 3
DEBUG 2026-07-31 22:06:21 ort/utils.py:71 [CLIENT] Observation Published 1.758378028869629 MB
DEBUG 2026-07-31 22:06:28 t_client.py:209 Sent observation #0 | 
DEBUG 2026-07-31 22:06:28 t_client.py:434 QUEUE SIZE: 0 (Must go: False)
DEBUG 2026-07-31 22:06:28 t_client.py:477 Control loop (ms): 7047.12
DEBUG 2026-07-31 22:06:28 follower.py:188 follower0 SOFollower read state: 2.0ms
DEBUG 2026-07-31 22:06:28 follower.py:196 follower0 SOFollower read base_0_rgb: 0.0ms
DEBUG 2026-07-31 22:06:28 follower.py:196 follower0 SOFollower read left_wrist_0_rgb: 0.0ms
DEBUG 2026-07-31 22:06:28 t_client.py:198 Observation serialization time: 0.001169s
DEBUG 2026-07-31 22:06:28 ort/utils.py:54 [CLIENT] Observation Buffer size 1.758378028869629 MB with
DEBUG 2026-07-31 22:06:28 ort/utils.py:69 [CLIENT] Observation Sent 1843793/1843793 bytes with state 3
DEBUG 2026-07-31 22:06:28 ort/utils.py:71 [CLIENT] Observation Published 1.758378028869629 MB
DEBUG 2026-07-31 22:06:34 t_client.py:209 Sent observation #0 | 
DEBUG 2026-07-31 22:06:34 t_client.py:434 QUEUE SIZE: 0 (Must go: False)
DEBUG 2026-07-31 22:06:34 t_client.py:477 Control loop (ms): 6037.02
DEBUG 2026-07-31 22:06:34 follower.py:188 follower0 SOFollower read state: 1.3ms
DEBUG 2026-07-31 22:06:34 follower.py:196 follower0 SOFollower read base_0_rgb: 0.0ms
DEBUG 2026-07-31 22:06:34 follower.py:196 follower0 SOFollower read left_wrist_0_rgb: 0.0ms
DEBUG 2026-07-31 22:06:34 t_client.py:198 Observation serialization time: 0.000547s
DEBUG 2026-07-31 22:06:34 ort/utils.py:54 [CLIENT] Observation Buffer size 1.758378028869629 MB with
DEBUG 2026-07-31 22:06:34 ort/utils.py:69 [CLIENT] Observation Sent 1843793/1843793 bytes with state 3
DEBUG 2026-07-31 22:06:34 ort/utils.py:71 [CLIENT] Observation Published 1.758378028869629 MB
DEBUG 2026-07-31 22:06:39 t_client.py:209 Sent observation #0 | 
DEBUG 2026-07-31 22:06:39 t_client.py:434 QUEUE SIZE: 0 (Must go: False)
DEBUG 2026-07-31 22:06:39 t_client.py:477 Control loop (ms): 5334.08
DEBUG 2026-07-31 22:06:39 follower.py:188 follower0 SOFollower read state: 1.7ms
DEBUG 2026-07-31 22:06:39 follower.py:196 follower0 SOFollower read base_0_rgb: 0.0ms
DEBUG 2026-07-31 22:06:39 follower.py:196 follower0 SOFollower read left_wrist_0_rgb: 0.0ms
DEBUG 2026-07-31 22:06:39 t_client.py:198 Observation serialization time: 0.001032s
DEBUG 2026-07-31 22:06:39 ort/utils.py:54 [CLIENT] Observation Buffer size 1.758378028869629 MB with
DEBUG 2026-07-31 22:06:39 ort/utils.py:69 [CLIENT] Observation Sent 1843793/1843793 bytes with state 3
DEBUG 2026-07-31 22:06:39 ort/utils.py:71 [CLIENT] Observation Published 1.758378028869629 MB
DEBUG 2026-07-31 22:06:46 t_client.py:209 Sent observation #0 | 
DEBUG 2026-07-31 22:06:46 t_client.py:434 QUEUE SIZE: 0 (Must go: False)
DEBUG 2026-07-31 22:06:46 t_client.py:477 Control loop (ms): 6834.81
DEBUG 2026-07-31 22:06:46 follower.py:188 follower0 SOFollower read state: 1.9ms
DEBUG 2026-07-31 22:06:46 follower.py:196 follower0 SOFollower read base_0_rgb: 0.0ms
DEBUG 2026-07-31 22:06:46 follower.py:196 follower0 SOFollower read left_wrist_0_rgb: 0.0ms
DEBUG 2026-07-31 22:06:46 t_client.py:198 Observation serialization time: 0.000963s
DEBUG 2026-07-31 22:06:46 ort/utils.py:54 [CLIENT] Observation Buffer size 1.758378028869629 MB with
DEBUG 2026-07-31 22:06:46 ort/utils.py:69 [CLIENT] Observation Sent 1843793/1843793 bytes with state 3
DEBUG 2026-07-31 22:06:46 ort/utils.py:71 [CLIENT] Observation Published 1.758378028869629 MB
DEBUG 2026-07-31 22:06:53 t_client.py:209 Sent observation #0 | 
DEBUG 2026-07-31 22:06:53 t_client.py:434 QUEUE SIZE: 0 (Must go: False)
DEBUG 2026-07-31 22:06:53 t_client.py:477 Control loop (ms): 7157.79
DEBUG 2026-07-31 22:06:53 follower.py:188 follower0 SOFollower read state: 1.6ms
DEBUG 2026-07-31 22:06:53 follower.py:196 follower0 SOFollower read base_0_rgb: 0.0ms
DEBUG 2026-07-31 22:06:53 follower.py:196 follower0 SOFollower read left_wrist_0_rgb: 0.0ms
DEBUG 2026-07-31 22:06:53 t_client.py:198 Observation serialization time: 0.000589s
DEBUG 2026-07-31 22:06:53 ort/utils.py:54 [CLIENT] Observation Buffer size 1.758378028869629 MB with
DEBUG 2026-07-31 22:06:53 ort/utils.py:69 [CLIENT] Observation Sent 1843793/1843793 bytes with state 3
DEBUG 2026-07-31 22:06:53 ort/utils.py:71 [CLIENT] Observation Published 1.758378028869629 MB
DEBUG 2026-07-31 22:06:59 t_client.py:209 Sent observation #0 | 
DEBUG 2026-07-31 22:06:59 t_client.py:434 QUEUE SIZE: 0 (Must go: False)
DEBUG 2026-07-31 22:06:59 t_client.py:477 Control loop (ms): 6215.72
DEBUG 2026-07-31 22:06:59 follower.py:188 follower0 SOFollower read state: 1.4ms
DEBUG 2026-07-31 22:06:59 follower.py:196 follower0 SOFollower read base_0_rgb: 0.0ms
DEBUG 2026-07-31 22:06:59 follower.py:196 follower0 SOFollower read left_wrist_0_rgb: 0.0ms
DEBUG 2026-07-31 22:06:59 t_client.py:198 Observation serialization time: 0.000430s
DEBUG 2026-07-31 22:06:59 ort/utils.py:54 [CLIENT] Observation Buffer size 1.758378028869629 MB with
DEBUG 2026-07-31 22:06:59 ort/utils.py:69 [CLIENT] Observation Sent 1843793/1843793 bytes with state 3
DEBUG 2026-07-31 22:06:59 ort/utils.py:71 [CLIENT] Observation Published 1.758378028869629 MB
DEBUG 2026-07-31 22:07:04 t_client.py:209 Sent observation #0 | 
DEBUG 2026-07-31 22:07:04 t_client.py:434 QUEUE SIZE: 0 (Must go: False)
DEBUG 2026-07-31 22:07:04 t_client.py:477 Control loop (ms): 4716.54
DEBUG 2026-07-31 22:07:04 follower.py:188 follower0 SOFollower read state: 1.4ms
DEBUG 2026-07-31 22:07:04 follower.py:196 follower0 SOFollower read base_0_rgb: 0.0ms
DEBUG 2026-07-31 22:07:04 follower.py:196 follower0 SOFollower read left_wrist_0_rgb: 0.0ms
DEBUG 2026-07-31 22:07:04 t_client.py:198 Observation serialization time: 0.000561s
DEBUG 2026-07-31 22:07:04 ort/utils.py:54 [CLIENT] Observation Buffer size 1.758378028869629 MB with
DEBUG 2026-07-31 22:07:04 ort/utils.py:69 [CLIENT] Observation Sent 1843793/1843793 bytes with state 3
DEBUG 2026-07-31 22:07:04 ort/utils.py:71 [CLIENT] Observation Published 1.758378028869629 MB
DEBUG 2026-07-31 22:07:08 t_client.py:209 Sent observation #0 | 
DEBUG 2026-07-31 22:07:08 t_client.py:434 QUEUE SIZE: 0 (Must go: False)
DEBUG 2026-07-31 22:07:08 t_client.py:477 Control loop (ms): 3884.10
DEBUG 2026-07-31 22:07:08 follower.py:188 follower0 SOFollower read state: 2.0ms
DEBUG 2026-07-31 22:07:08 follower.py:196 follower0 SOFollower read base_0_rgb: 0.0ms
DEBUG 2026-07-31 22:07:08 follower.py:196 follower0 SOFollower read left_wrist_0_rgb: 0.0ms
DEBUG 2026-07-31 22:07:08 t_client.py:198 Observation serialization time: 0.001019s
DEBUG 2026-07-31 22:07:08 ort/utils.py:54 [CLIENT] Observation Buffer size 1.758378028869629 MB with
DEBUG 2026-07-31 22:07:08 ort/utils.py:69 [CLIENT] Observation Sent 1843793/1843793 bytes with state 3
DEBUG 2026-07-31 22:07:08 ort/utils.py:71 [CLIENT] Observation Published 1.758378028869629 MB
DEBUG 2026-07-31 22:07:12 t_client.py:209 Sent observation #0 | 
DEBUG 2026-07-31 22:07:12 t_client.py:434 QUEUE SIZE: 0 (Must go: False)
DEBUG 2026-07-31 22:07:12 t_client.py:477 Control loop (ms): 4380.13
DEBUG 2026-07-31 22:07:12 follower.py:188 follower0 SOFollower read state: 1.7ms
DEBUG 2026-07-31 22:07:12 follower.py:196 follower0 SOFollower read base_0_rgb: 0.0ms
DEBUG 2026-07-31 22:07:12 follower.py:196 follower0 SOFollower read left_wrist_0_rgb: 0.0ms
DEBUG 2026-07-31 22:07:12 t_client.py:198 Observation serialization time: 0.000941s
DEBUG 2026-07-31 22:07:12 ort/utils.py:54 [CLIENT] Observation Buffer size 1.758378028869629 MB with
DEBUG 2026-07-31 22:07:12 ort/utils.py:69 [CLIENT] Observation Sent 1843793/1843793 bytes with state 3
DEBUG 2026-07-31 22:07:12 ort/utils.py:71 [CLIENT] Observation Published 1.758378028869629 MB
DEBUG 2026-07-31 22:07:17 t_client.py:209 Sent observation #0 | 
DEBUG 2026-07-31 22:07:17 t_client.py:434 QUEUE SIZE: 0 (Must go: False)
DEBUG 2026-07-31 22:07:17 t_client.py:477 Control loop (ms): 4651.53
DEBUG 2026-07-31 22:07:17 follower.py:188 follower0 SOFollower read state: 1.5ms
DEBUG 2026-07-31 22:07:17 follower.py:196 follower0 SOFollower read base_0_rgb: 0.0ms
DEBUG 2026-07-31 22:07:17 follower.py:196 follower0 SOFollower read left_wrist_0_rgb: 0.0ms
DEBUG 2026-07-31 22:07:17 t_client.py:198 Observation serialization time: 0.000696s
DEBUG 2026-07-31 22:07:17 ort/utils.py:54 [CLIENT] Observation Buffer size 1.758378028869629 MB with
DEBUG 2026-07-31 22:07:17 ort/utils.py:69 [CLIENT] Observation Sent 1843793/1843793 bytes with state 3
DEBUG 2026-07-31 22:07:17 ort/utils.py:71 [CLIENT] Observation Published 1.758378028869629 MB
DEBUG 2026-07-31 22:07:21 t_client.py:209 Sent observation #0 | 
DEBUG 2026-07-31 22:07:21 t_client.py:434 QUEUE SIZE: 0 (Must go: False)
DEBUG 2026-07-31 22:07:21 t_client.py:477 Control loop (ms): 4435.09
DEBUG 2026-07-31 22:07:21 follower.py:188 follower0 SOFollower read state: 1.4ms
DEBUG 2026-07-31 22:07:21 follower.py:196 follower0 SOFollower read base_0_rgb: 0.0ms
DEBUG 2026-07-31 22:07:21 follower.py:196 follower0 SOFollower read left_wrist_0_rgb: 0.0ms
DEBUG 2026-07-31 22:07:21 t_client.py:198 Observation serialization time: 0.000500s
DEBUG 2026-07-31 22:07:21 ort/utils.py:54 [CLIENT] Observation Buffer size 1.758378028869629 MB with
DEBUG 2026-07-31 22:07:21 ort/utils.py:69 [CLIENT] Observation Sent 1843793/1843793 bytes with state 3
DEBUG 2026-07-31 22:07:21 ort/utils.py:71 [CLIENT] Observation Published 1.758378028869629 MB
DEBUG 2026-07-31 22:07:25 t_client.py:209 Sent observation #0 | 
DEBUG 2026-07-31 22:07:25 t_client.py:434 QUEUE SIZE: 0 (Must go: False)
DEBUG 2026-07-31 22:07:25 t_client.py:477 Control loop (ms): 4019.88
DEBUG 2026-07-31 22:07:25 follower.py:188 follower0 SOFollower read state: 1.3ms
DEBUG 2026-07-31 22:07:25 follower.py:196 follower0 SOFollower read base_0_rgb: 0.0ms
DEBUG 2026-07-31 22:07:25 follower.py:196 follower0 SOFollower read left_wrist_0_rgb: 0.0ms
DEBUG 2026-07-31 22:07:25 t_client.py:198 Observation serialization time: 0.000480s
DEBUG 2026-07-31 22:07:25 ort/utils.py:54 [CLIENT] Observation Buffer size 1.758378028869629 MB with
DEBUG 2026-07-31 22:07:25 ort/utils.py:69 [CLIENT] Observation Sent 1843793/1843793 bytes with state 3
DEBUG 2026-07-31 22:07:25 ort/utils.py:71 [CLIENT] Observation Published 1.758378028869629 MB
DEBUG 2026-07-31 22:07:29 t_client.py:209 Sent observation #0 | 
DEBUG 2026-07-31 22:07:29 t_client.py:434 QUEUE SIZE: 0 (Must go: False)
DEBUG 2026-07-31 22:07:29 t_client.py:477 Control loop (ms): 3912.09
DEBUG 2026-07-31 22:07:29 follower.py:188 follower0 SOFollower read state: 1.6ms
DEBUG 2026-07-31 22:07:29 follower.py:196 follower0 SOFollower read base_0_rgb: 0.0ms
DEBUG 2026-07-31 22:07:29 follower.py:196 follower0 SOFollower read left_wrist_0_rgb: 0.0ms
DEBUG 2026-07-31 22:07:29 t_client.py:198 Observation serialization time: 0.000450s
DEBUG 2026-07-31 22:07:29 ort/utils.py:54 [CLIENT] Observation Buffer size 1.758378028869629 MB with
DEBUG 2026-07-31 22:07:29 ort/utils.py:69 [CLIENT] Observation Sent 1843793/1843793 bytes with state 3
DEBUG 2026-07-31 22:07:29 ort/utils.py:71 [CLIENT] Observation Published 1.758378028869629 MB
DEBUG 2026-07-31 22:07:34 t_client.py:209 Sent observation #0 | 
DEBUG 2026-07-31 22:07:34 t_client.py:434 QUEUE SIZE: 0 (Must go: False)
DEBUG 2026-07-31 22:07:34 t_client.py:477 Control loop (ms): 4893.97
DEBUG 2026-07-31 22:07:34 follower.py:188 follower0 SOFollower read state: 1.5ms
DEBUG 2026-07-31 22:07:34 follower.py:196 follower0 SOFollower read base_0_rgb: 0.0ms
DEBUG 2026-07-31 22:07:34 follower.py:196 follower0 SOFollower read left_wrist_0_rgb: 0.0ms
DEBUG 2026-07-31 22:07:34 t_client.py:198 Observation serialization time: 0.000512s
DEBUG 2026-07-31 22:07:34 ort/utils.py:54 [CLIENT] Observation Buffer size 1.758378028869629 MB with
DEBUG 2026-07-31 22:07:34 ort/utils.py:69 [CLIENT] Observation Sent 1843793/1843793 bytes with state 3
DEBUG 2026-07-31 22:07:34 ort/utils.py:71 [CLIENT] Observation Published 1.758378028869629 MB
DEBUG 2026-07-31 22:07:38 t_client.py:209 Sent observation #0 | 
DEBUG 2026-07-31 22:07:38 t_client.py:434 QUEUE SIZE: 0 (Must go: False)
DEBUG 2026-07-31 22:07:38 t_client.py:477 Control loop (ms): 4090.06
DEBUG 2026-07-31 22:07:38 follower.py:188 follower0 SOFollower read state: 1.5ms
DEBUG 2026-07-31 22:07:38 follower.py:196 follower0 SOFollower read base_0_rgb: 0.0ms
DEBUG 2026-07-31 22:07:38 follower.py:196 follower0 SOFollower read left_wrist_0_rgb: 0.0ms
DEBUG 2026-07-31 22:07:38 t_client.py:198 Observation serialization time: 0.000670s
DEBUG 2026-07-31 22:07:38 ort/utils.py:54 [CLIENT] Observation Buffer size 1.758378028869629 MB with
DEBUG 2026-07-31 22:07:38 ort/utils.py:69 [CLIENT] Observation Sent 1843793/1843793 bytes with state 3
DEBUG 2026-07-31 22:07:38 ort/utils.py:71 [CLIENT] Observation Published 1.758378028869629 MB
DEBUG 2026-07-31 22:07:42 t_client.py:209 Sent observation #0 | 
DEBUG 2026-07-31 22:07:42 t_client.py:434 QUEUE SIZE: 0 (Must go: False)
DEBUG 2026-07-31 22:07:42 t_client.py:477 Control loop (ms): 3244.73
DEBUG 2026-07-31 22:07:42 follower.py:188 follower0 SOFollower read state: 1.7ms
DEBUG 2026-07-31 22:07:42 follower.py:196 follower0 SOFollower read base_0_rgb: 0.0ms
DEBUG 2026-07-31 22:07:42 follower.py:196 follower0 SOFollower read left_wrist_0_rgb: 0.0ms
DEBUG 2026-07-31 22:07:42 t_client.py:198 Observation serialization time: 0.000759s
DEBUG 2026-07-31 22:07:42 ort/utils.py:54 [CLIENT] Observation Buffer size 1.758378028869629 MB with
DEBUG 2026-07-31 22:07:42 ort/utils.py:69 [CLIENT] Observation Sent 1843793/1843793 bytes with state 3
DEBUG 2026-07-31 22:07:42 ort/utils.py:71 [CLIENT] Observation Published 1.758378028869629 MB
DEBUG 2026-07-31 22:07:45 t_client.py:209 Sent observation #0 | 
DEBUG 2026-07-31 22:07:45 t_client.py:434 QUEUE SIZE: 0 (Must go: False)
DEBUG 2026-07-31 22:07:45 t_client.py:477 Control loop (ms): 3799.97
DEBUG 2026-07-31 22:07:45 follower.py:188 follower0 SOFollower read state: 1.7ms
DEBUG 2026-07-31 22:07:45 follower.py:196 follower0 SOFollower read base_0_rgb: 0.0ms
DEBUG 2026-07-31 22:07:45 follower.py:196 follower0 SOFollower read left_wrist_0_rgb: 0.0ms
DEBUG 2026-07-31 22:07:45 t_client.py:198 Observation serialization time: 0.000622s
DEBUG 2026-07-31 22:07:45 ort/utils.py:54 [CLIENT] Observation Buffer size 1.758378028869629 MB with
DEBUG 2026-07-31 22:07:45 ort/utils.py:69 [CLIENT] Observation Sent 1843793/1843793 bytes with state 3
DEBUG 2026-07-31 22:07:45 ort/utils.py:71 [CLIENT] Observation Published 1.758378028869629 MB
DEBUG 2026-07-31 22:07:50 t_client.py:209 Sent observation #0 | 
DEBUG 2026-07-31 22:07:50 t_client.py:434 QUEUE SIZE: 0 (Must go: False)
DEBUG 2026-07-31 22:07:50 t_client.py:477 Control loop (ms): 4999.61
DEBUG 2026-07-31 22:07:50 follower.py:188 follower0 SOFollower read state: 1.7ms
DEBUG 2026-07-31 22:07:50 follower.py:196 follower0 SOFollower read base_0_rgb: 0.0ms
DEBUG 2026-07-31 22:07:50 follower.py:196 follower0 SOFollower read left_wrist_0_rgb: 0.0ms
DEBUG 2026-07-31 22:07:50 t_client.py:198 Observation serialization time: 0.000680s
DEBUG 2026-07-31 22:07:50 ort/utils.py:54 [CLIENT] Observation Buffer size 1.758378028869629 MB with
DEBUG 2026-07-31 22:07:50 ort/utils.py:69 [CLIENT] Observation Sent 1843793/1843793 bytes with state 3
DEBUG 2026-07-31 22:07:50 ort/utils.py:71 [CLIENT] Observation Published 1.758378028869629 MB
DEBUG 2026-07-31 22:07:56 t_client.py:209 Sent observation #0 | 
DEBUG 2026-07-31 22:07:56 t_client.py:434 QUEUE SIZE: 0 (Must go: False)
DEBUG 2026-07-31 22:07:56 t_client.py:477 Control loop (ms): 5402.91
DEBUG 2026-07-31 22:07:56 follower.py:188 follower0 SOFollower read state: 1.8ms
DEBUG 2026-07-31 22:07:56 follower.py:196 follower0 SOFollower read base_0_rgb: 0.0ms
DEBUG 2026-07-31 22:07:56 follower.py:196 follower0 SOFollower read left_wrist_0_rgb: 0.0ms
DEBUG 2026-07-31 22:07:56 t_client.py:198 Observation serialization time: 0.000635s
DEBUG 2026-07-31 22:07:56 ort/utils.py:54 [CLIENT] Observation Buffer size 1.758378028869629 MB with
DEBUG 2026-07-31 22:07:56 ort/utils.py:69 [CLIENT] Observation Sent 1843793/1843793 bytes with state 3
DEBUG 2026-07-31 22:07:56 ort/utils.py:71 [CLIENT] Observation Published 1.758378028869629 MB
DEBUG 2026-07-31 22:08:02 t_client.py:209 Sent observation #0 | 
DEBUG 2026-07-31 22:08:02 t_client.py:434 QUEUE SIZE: 0 (Must go: False)
DEBUG 2026-07-31 22:08:02 t_client.py:477 Control loop (ms): 6003.43
DEBUG 2026-07-31 22:08:02 follower.py:188 follower0 SOFollower read state: 1.7ms
DEBUG 2026-07-31 22:08:02 follower.py:196 follower0 SOFollower read base_0_rgb: 0.0ms
DEBUG 2026-07-31 22:08:02 follower.py:196 follower0 SOFollower read left_wrist_0_rgb: 0.0ms
DEBUG 2026-07-31 22:08:02 t_client.py:198 Observation serialization time: 0.000714s
DEBUG 2026-07-31 22:08:02 ort/utils.py:54 [CLIENT] Observation Buffer size 1.758378028869629 MB with
DEBUG 2026-07-31 22:08:02 ort/utils.py:69 [CLIENT] Observation Sent 1843793/1843793 bytes with state 3
DEBUG 2026-07-31 22:08:02 ort/utils.py:71 [CLIENT] Observation Published 1.758378028869629 MB
DEBUG 2026-07-31 22:08:08 t_client.py:209 Sent observation #0 | 
DEBUG 2026-07-31 22:08:08 t_client.py:434 QUEUE SIZE: 0 (Must go: False)
DEBUG 2026-07-31 22:08:08 t_client.py:477 Control loop (ms): 5840.87
DEBUG 2026-07-31 22:08:08 follower.py:188 follower0 SOFollower read state: 1.4ms
DEBUG 2026-07-31 22:08:08 follower.py:196 follower0 SOFollower read base_0_rgb: 0.0ms
DEBUG 2026-07-31 22:08:08 follower.py:196 follower0 SOFollower read left_wrist_0_rgb: 0.0ms
DEBUG 2026-07-31 22:08:08 t_client.py:198 Observation serialization time: 0.000738s
DEBUG 2026-07-31 22:08:08 ort/utils.py:54 [CLIENT] Observation Buffer size 1.758378028869629 MB with
DEBUG 2026-07-31 22:08:08 ort/utils.py:69 [CLIENT] Observation Sent 1843793/1843793 bytes with state 3
DEBUG 2026-07-31 22:08:08 ort/utils.py:71 [CLIENT] Observation Published 1.758378028869629 MB
DEBUG 2026-07-31 22:08:13 t_client.py:209 Sent observation #0 | 
DEBUG 2026-07-31 22:08:13 t_client.py:434 QUEUE SIZE: 0 (Must go: False)
DEBUG 2026-07-31 22:08:13 t_client.py:477 Control loop (ms): 5618.58
DEBUG 2026-07-31 22:08:13 follower.py:188 follower0 SOFollower read state: 1.8ms
DEBUG 2026-07-31 22:08:13 follower.py:196 follower0 SOFollower read base_0_rgb: 0.0ms
DEBUG 2026-07-31 22:08:13 follower.py:196 follower0 SOFollower read left_wrist_0_rgb: 0.0ms
DEBUG 2026-07-31 22:08:13 t_client.py:198 Observation serialization time: 0.000572s
DEBUG 2026-07-31 22:08:13 ort/utils.py:54 [CLIENT] Observation Buffer size 1.758378028869629 MB with
DEBUG 2026-07-31 22:08:13 ort/utils.py:69 [CLIENT] Observation Sent 1843793/1843793 bytes with state 3
DEBUG 2026-07-31 22:08:13 ort/utils.py:71 [CLIENT] Observation Published 1.758378028869629 MB
DEBUG 2026-07-31 22:08:18 t_client.py:209 Sent observation #0 | 
DEBUG 2026-07-31 22:08:18 t_client.py:434 QUEUE SIZE: 0 (Must go: False)
DEBUG 2026-07-31 22:08:18 t_client.py:477 Control loop (ms): 4585.64
DEBUG 2026-07-31 22:08:18 follower.py:188 follower0 SOFollower read state: 1.5ms
DEBUG 2026-07-31 22:08:18 follower.py:196 follower0 SOFollower read base_0_rgb: 0.0ms
DEBUG 2026-07-31 22:08:18 follower.py:196 follower0 SOFollower read left_wrist_0_rgb: 0.0ms
DEBUG 2026-07-31 22:08:18 t_client.py:198 Observation serialization time: 0.000592s
DEBUG 2026-07-31 22:08:18 ort/utils.py:54 [CLIENT] Observation Buffer size 1.758378028869629 MB with
DEBUG 2026-07-31 22:08:18 ort/utils.py:69 [CLIENT] Observation Sent 1843793/1843793 bytes with state 3
DEBUG 2026-07-31 22:08:18 ort/utils.py:71 [CLIENT] Observation Published 1.758378028869629 MB
DEBUG 2026-07-31 22:08:23 t_client.py:209 Sent observation #0 | 
DEBUG 2026-07-31 22:08:23 t_client.py:434 QUEUE SIZE: 0 (Must go: False)
DEBUG 2026-07-31 22:08:23 t_client.py:477 Control loop (ms): 5054.37
DEBUG 2026-07-31 22:08:23 follower.py:188 follower0 SOFollower read state: 1.6ms
DEBUG 2026-07-31 22:08:23 follower.py:196 follower0 SOFollower read base_0_rgb: 0.0ms
DEBUG 2026-07-31 22:08:23 follower.py:196 follower0 SOFollower read left_wrist_0_rgb: 0.0ms
DEBUG 2026-07-31 22:08:23 t_client.py:198 Observation serialization time: 0.000671s
DEBUG 2026-07-31 22:08:23 ort/utils.py:54 [CLIENT] Observation Buffer size 1.758378028869629 MB with
DEBUG 2026-07-31 22:08:23 ort/utils.py:69 [CLIENT] Observation Sent 1843793/1843793 bytes with state 3
DEBUG 2026-07-31 22:08:23 ort/utils.py:71 [CLIENT] Observation Published 1.758378028869629 MB
DEBUG 2026-07-31 22:08:27 t_client.py:209 Sent observation #0 | 
DEBUG 2026-07-31 22:08:27 t_client.py:434 QUEUE SIZE: 0 (Must go: False)
DEBUG 2026-07-31 22:08:27 t_client.py:477 Control loop (ms): 4457.80
DEBUG 2026-07-31 22:08:27 follower.py:188 follower0 SOFollower read state: 1.5ms
DEBUG 2026-07-31 22:08:27 follower.py:196 follower0 SOFollower read base_0_rgb: 0.0ms
DEBUG 2026-07-31 22:08:27 follower.py:196 follower0 SOFollower read left_wrist_0_rgb: 0.0ms
DEBUG 2026-07-31 22:08:27 t_client.py:198 Observation serialization time: 0.000656s
DEBUG 2026-07-31 22:08:27 ort/utils.py:54 [CLIENT] Observation Buffer size 1.758378028869629 MB with
DEBUG 2026-07-31 22:08:27 ort/utils.py:69 [CLIENT] Observation Sent 1843793/1843793 bytes with state 3
DEBUG 2026-07-31 22:08:27 ort/utils.py:71 [CLIENT] Observation Published 1.758378028869629 MB
DEBUG 2026-07-31 22:08:30 t_client.py:209 Sent observation #0 | 
DEBUG 2026-07-31 22:08:30 t_client.py:434 QUEUE SIZE: 0 (Must go: False)
DEBUG 2026-07-31 22:08:30 t_client.py:477 Control loop (ms): 2899.68
DEBUG 2026-07-31 22:08:30 follower.py:188 follower0 SOFollower read state: 1.5ms
DEBUG 2026-07-31 22:08:30 follower.py:196 follower0 SOFollower read base_0_rgb: 0.0ms
DEBUG 2026-07-31 22:08:30 follower.py:196 follower0 SOFollower read left_wrist_0_rgb: 0.0ms
DEBUG 2026-07-31 22:08:30 t_client.py:198 Observation serialization time: 0.000695s
DEBUG 2026-07-31 22:08:30 ort/utils.py:54 [CLIENT] Observation Buffer size 1.758378028869629 MB with
DEBUG 2026-07-31 22:08:30 ort/utils.py:69 [CLIENT] Observation Sent 1843793/1843793 bytes with state 3
DEBUG 2026-07-31 22:08:30 ort/utils.py:71 [CLIENT] Observation Published 1.758378028869629 MB
DEBUG 2026-07-31 22:08:34 t_client.py:209 Sent observation #0 | 
DEBUG 2026-07-31 22:08:34 t_client.py:434 QUEUE SIZE: 0 (Must go: False)
DEBUG 2026-07-31 22:08:34 t_client.py:477 Control loop (ms): 3954.52
DEBUG 2026-07-31 22:08:34 follower.py:188 follower0 SOFollower read state: 1.5ms
DEBUG 2026-07-31 22:08:34 follower.py:196 follower0 SOFollower read base_0_rgb: 0.0ms
DEBUG 2026-07-31 22:08:34 follower.py:196 follower0 SOFollower read left_wrist_0_rgb: 0.0ms
DEBUG 2026-07-31 22:08:34 t_client.py:198 Observation serialization time: 0.000606s
DEBUG 2026-07-31 22:08:34 ort/utils.py:54 [CLIENT] Observation Buffer size 1.758378028869629 MB with
DEBUG 2026-07-31 22:08:34 ort/utils.py:69 [CLIENT] Observation Sent 1843793/1843793 bytes with state 3
DEBUG 2026-07-31 22:08:34 ort/utils.py:71 [CLIENT] Observation Published 1.758378028869629 MB
DEBUG 2026-07-31 22:08:39 t_client.py:209 Sent observation #0 | 
DEBUG 2026-07-31 22:08:39 t_client.py:434 QUEUE SIZE: 0 (Must go: False)
DEBUG 2026-07-31 22:08:39 t_client.py:477 Control loop (ms): 4631.95
DEBUG 2026-07-31 22:08:39 follower.py:188 follower0 SOFollower read state: 1.4ms
DEBUG 2026-07-31 22:08:39 follower.py:196 follower0 SOFollower read base_0_rgb: 0.0ms
DEBUG 2026-07-31 22:08:39 follower.py:196 follower0 SOFollower read left_wrist_0_rgb: 0.0ms
DEBUG 2026-07-31 22:08:39 t_client.py:198 Observation serialization time: 0.000612s
DEBUG 2026-07-31 22:08:39 ort/utils.py:54 [CLIENT] Observation Buffer size 1.758378028869629 MB with
DEBUG 2026-07-31 22:08:39 ort/utils.py:69 [CLIENT] Observation Sent 1843793/1843793 bytes with state 3
DEBUG 2026-07-31 22:08:39 ort/utils.py:71 [CLIENT] Observation Published 1.758378028869629 MB
DEBUG 2026-07-31 22:08:44 t_client.py:209 Sent observation #0 | 
DEBUG 2026-07-31 22:08:44 t_client.py:434 QUEUE SIZE: 0 (Must go: False)
DEBUG 2026-07-31 22:08:44 t_client.py:477 Control loop (ms): 5532.57
DEBUG 2026-07-31 22:08:44 follower.py:188 follower0 SOFollower read state: 1.8ms
DEBUG 2026-07-31 22:08:44 follower.py:196 follower0 SOFollower read base_0_rgb: 0.0ms
DEBUG 2026-07-31 22:08:44 follower.py:196 follower0 SOFollower read left_wrist_0_rgb: 0.0ms
DEBUG 2026-07-31 22:08:44 t_client.py:198 Observation serialization time: 0.000877s
DEBUG 2026-07-31 22:08:44 ort/utils.py:54 [CLIENT] Observation Buffer size 1.758378028869629 MB with
DEBUG 2026-07-31 22:08:44 ort/utils.py:69 [CLIENT] Observation Sent 1843793/1843793 bytes with state 3
DEBUG 2026-07-31 22:08:44 ort/utils.py:71 [CLIENT] Observation Published 1.758378028869629 MB
DEBUG 2026-07-31 22:08:51 t_client.py:209 Sent observation #0 | 
DEBUG 2026-07-31 22:08:51 t_client.py:434 QUEUE SIZE: 0 (Must go: False)
DEBUG 2026-07-31 22:08:51 t_client.py:477 Control loop (ms): 6436.34
DEBUG 2026-07-31 22:08:51 follower.py:188 follower0 SOFollower read state: 1.5ms
DEBUG 2026-07-31 22:08:51 follower.py:196 follower0 SOFollower read base_0_rgb: 0.0ms
DEBUG 2026-07-31 22:08:51 follower.py:196 follower0 SOFollower read left_wrist_0_rgb: 0.0ms
DEBUG 2026-07-31 22:08:51 t_client.py:198 Observation serialization time: 0.000889s
DEBUG 2026-07-31 22:08:51 ort/utils.py:54 [CLIENT] Observation Buffer size 1.758378028869629 MB with
DEBUG 2026-07-31 22:08:51 ort/utils.py:69 [CLIENT] Observation Sent 1843793/1843793 bytes with state 3
DEBUG 2026-07-31 22:08:51 ort/utils.py:71 [CLIENT] Observation Published 1.758378028869629 MB
DEBUG 2026-07-31 22:08:58 t_client.py:209 Sent observation #0 | 
DEBUG 2026-07-31 22:08:58 t_client.py:434 QUEUE SIZE: 0 (Must go: False)
DEBUG 2026-07-31 22:08:58 t_client.py:477 Control loop (ms): 6798.47
DEBUG 2026-07-31 22:08:58 follower.py:188 follower0 SOFollower read state: 1.8ms
DEBUG 2026-07-31 22:08:58 follower.py:196 follower0 SOFollower read base_0_rgb: 0.0ms
DEBUG 2026-07-31 22:08:58 follower.py:196 follower0 SOFollower read left_wrist_0_rgb: 0.0ms
DEBUG 2026-07-31 22:08:58 t_client.py:198 Observation serialization time: 0.000639s
DEBUG 2026-07-31 22:08:58 ort/utils.py:54 [CLIENT] Observation Buffer size 1.758378028869629 MB with
DEBUG 2026-07-31 22:08:58 ort/utils.py:69 [CLIENT] Observation Sent 1843793/1843793 bytes with state 3
DEBUG 2026-07-31 22:08:58 ort/utils.py:71 [CLIENT] Observation Published 1.758378028869629 MB
DEBUG 2026-07-31 22:09:04 t_client.py:209 Sent observation #0 | 
DEBUG 2026-07-31 22:09:04 t_client.py:434 QUEUE SIZE: 0 (Must go: False)
DEBUG 2026-07-31 22:09:04 t_client.py:477 Control loop (ms): 6055.47
DEBUG 2026-07-31 22:09:04 follower.py:188 follower0 SOFollower read state: 1.4ms
DEBUG 2026-07-31 22:09:04 follower.py:196 follower0 SOFollower read base_0_rgb: 0.0ms
DEBUG 2026-07-31 22:09:04 follower.py:196 follower0 SOFollower read left_wrist_0_rgb: 0.0ms
DEBUG 2026-07-31 22:09:04 t_client.py:198 Observation serialization time: 0.000532s
DEBUG 2026-07-31 22:09:04 ort/utils.py:54 [CLIENT] Observation Buffer size 1.758378028869629 MB with
DEBUG 2026-07-31 22:09:04 ort/utils.py:69 [CLIENT] Observation Sent 1843793/1843793 bytes with state 3
DEBUG 2026-07-31 22:09:04 ort/utils.py:71 [CLIENT] Observation Published 1.758378028869629 MB
DEBUG 2026-07-31 22:09:08 t_client.py:209 Sent observation #0 | 
DEBUG 2026-07-31 22:09:08 t_client.py:434 QUEUE SIZE: 0 (Must go: False)
DEBUG 2026-07-31 22:09:08 t_client.py:477 Control loop (ms): 3877.55
DEBUG 2026-07-31 22:09:08 follower.py:188 follower0 SOFollower read state: 1.5ms
DEBUG 2026-07-31 22:09:08 follower.py:196 follower0 SOFollower read base_0_rgb: 0.0ms
DEBUG 2026-07-31 22:09:08 follower.py:196 follower0 SOFollower read left_wrist_0_rgb: 0.0ms
DEBUG 2026-07-31 22:09:08 t_client.py:198 Observation serialization time: 0.000612s
DEBUG 2026-07-31 22:09:08 ort/utils.py:54 [CLIENT] Observation Buffer size 1.758378028869629 MB with
DEBUG 2026-07-31 22:09:08 ort/utils.py:69 [CLIENT] Observation Sent 1843793/1843793 bytes with state 3
DEBUG 2026-07-31 22:09:08 ort/utils.py:71 [CLIENT] Observation Published 1.758378028869629 MB
DEBUG 2026-07-31 22:09:13 t_client.py:209 Sent observation #0 | 
DEBUG 2026-07-31 22:09:13 t_client.py:434 QUEUE SIZE: 0 (Must go: False)
DEBUG 2026-07-31 22:09:13 t_client.py:477 Control loop (ms): 5722.00
DEBUG 2026-07-31 22:09:13 follower.py:188 follower0 SOFollower read state: 1.5ms
DEBUG 2026-07-31 22:09:13 follower.py:196 follower0 SOFollower read base_0_rgb: 0.0ms
DEBUG 2026-07-31 22:09:13 follower.py:196 follower0 SOFollower read left_wrist_0_rgb: 0.0ms
DEBUG 2026-07-31 22:09:13 t_client.py:198 Observation serialization time: 0.000684s
DEBUG 2026-07-31 22:09:13 ort/utils.py:54 [CLIENT] Observation Buffer size 1.758378028869629 MB with
DEBUG 2026-07-31 22:09:13 ort/utils.py:69 [CLIENT] Observation Sent 1843793/1843793 bytes with state 3
DEBUG 2026-07-31 22:09:13 ort/utils.py:71 [CLIENT] Observation Published 1.758378028869629 MB
DEBUG 2026-07-31 22:09:17 t_client.py:209 Sent observation #0 | 
DEBUG 2026-07-31 22:09:17 t_client.py:434 QUEUE SIZE: 0 (Must go: False)
DEBUG 2026-07-31 22:09:17 t_client.py:477 Control loop (ms): 3865.40
DEBUG 2026-07-31 22:09:17 follower.py:188 follower0 SOFollower read state: 1.5ms
DEBUG 2026-07-31 22:09:17 follower.py:196 follower0 SOFollower read base_0_rgb: 0.0ms
DEBUG 2026-07-31 22:09:17 follower.py:196 follower0 SOFollower read left_wrist_0_rgb: 0.0ms
DEBUG 2026-07-31 22:09:17 t_client.py:198 Observation serialization time: 0.000660s
DEBUG 2026-07-31 22:09:17 ort/utils.py:54 [CLIENT] Observation Buffer size 1.758378028869629 MB with
DEBUG 2026-07-31 22:09:17 ort/utils.py:69 [CLIENT] Observation Sent 1843793/1843793 bytes with state 3
DEBUG 2026-07-31 22:09:17 ort/utils.py:71 [CLIENT] Observation Published 1.758378028869629 MB
DEBUG 2026-07-31 22:09:21 t_client.py:209 Sent observation #0 | 
DEBUG 2026-07-31 22:09:21 t_client.py:434 QUEUE SIZE: 0 (Must go: False)
DEBUG 2026-07-31 22:09:21 t_client.py:477 Control loop (ms): 4157.76
DEBUG 2026-07-31 22:09:21 follower.py:188 follower0 SOFollower read state: 1.6ms
DEBUG 2026-07-31 22:09:21 follower.py:196 follower0 SOFollower read base_0_rgb: 0.0ms
DEBUG 2026-07-31 22:09:21 follower.py:196 follower0 SOFollower read left_wrist_0_rgb: 0.0ms
DEBUG 2026-07-31 22:09:21 t_client.py:198 Observation serialization time: 0.000737s
DEBUG 2026-07-31 22:09:21 ort/utils.py:54 [CLIENT] Observation Buffer size 1.758378028869629 MB with
DEBUG 2026-07-31 22:09:21 ort/utils.py:69 [CLIENT] Observation Sent 1843793/1843793 bytes with state 3
DEBUG 2026-07-31 22:09:21 ort/utils.py:71 [CLIENT] Observation Published 1.758378028869629 MB
DEBUG 2026-07-31 22:09:26 t_client.py:209 Sent observation #0 | 
DEBUG 2026-07-31 22:09:26 t_client.py:434 QUEUE SIZE: 0 (Must go: False)
DEBUG 2026-07-31 22:09:26 t_client.py:477 Control loop (ms): 4501.70
DEBUG 2026-07-31 22:09:26 follower.py:188 follower0 SOFollower read state: 1.5ms
DEBUG 2026-07-31 22:09:26 follower.py:196 follower0 SOFollower read base_0_rgb: 0.0ms
DEBUG 2026-07-31 22:09:26 follower.py:196 follower0 SOFollower read left_wrist_0_rgb: 0.0ms
DEBUG 2026-07-31 22:09:26 t_client.py:198 Observation serialization time: 0.000446s
DEBUG 2026-07-31 22:09:26 ort/utils.py:54 [CLIENT] Observation Buffer size 1.758378028869629 MB with
DEBUG 2026-07-31 22:09:26 ort/utils.py:69 [CLIENT] Observation Sent 1843793/1843793 bytes with state 3
DEBUG 2026-07-31 22:09:26 ort/utils.py:71 [CLIENT] Observation Published 1.758378028869629 MB
DEBUG 2026-07-31 22:09:30 t_client.py:209 Sent observation #0 | 
DEBUG 2026-07-31 22:09:30 t_client.py:434 QUEUE SIZE: 0 (Must go: False)
DEBUG 2026-07-31 22:09:30 t_client.py:477 Control loop (ms): 4285.76
DEBUG 2026-07-31 22:09:30 follower.py:188 follower0 SOFollower read state: 1.5ms
DEBUG 2026-07-31 22:09:30 follower.py:196 follower0 SOFollower read base_0_rgb: 0.0ms
DEBUG 2026-07-31 22:09:30 follower.py:196 follower0 SOFollower read left_wrist_0_rgb: 0.0ms
DEBUG 2026-07-31 22:09:30 t_client.py:198 Observation serialization time: 0.000666s
DEBUG 2026-07-31 22:09:30 ort/utils.py:54 [CLIENT] Observation Buffer size 1.758378028869629 MB with
DEBUG 2026-07-31 22:09:30 ort/utils.py:69 [CLIENT] Observation Sent 1843793/1843793 bytes with state 3
DEBUG 2026-07-31 22:09:30 ort/utils.py:71 [CLIENT] Observation Published 1.758378028869629 MB
DEBUG 2026-07-31 22:09:35 t_client.py:209 Sent observation #0 | 
DEBUG 2026-07-31 22:09:35 t_client.py:434 QUEUE SIZE: 0 (Must go: False)
DEBUG 2026-07-31 22:09:35 t_client.py:477 Control loop (ms): 4917.02
DEBUG 2026-07-31 22:09:35 follower.py:188 follower0 SOFollower read state: 1.4ms
DEBUG 2026-07-31 22:09:35 follower.py:196 follower0 SOFollower read base_0_rgb: 0.0ms
DEBUG 2026-07-31 22:09:35 follower.py:196 follower0 SOFollower read left_wrist_0_rgb: 0.0ms
DEBUG 2026-07-31 22:09:35 t_client.py:198 Observation serialization time: 0.000662s
DEBUG 2026-07-31 22:09:35 ort/utils.py:54 [CLIENT] Observation Buffer size 1.758378028869629 MB with
DEBUG 2026-07-31 22:09:35 ort/utils.py:69 [CLIENT] Observation Sent 1843793/1843793 bytes with state 3
DEBUG 2026-07-31 22:09:35 ort/utils.py:71 [CLIENT] Observation Published 1.758378028869629 MB
DEBUG 2026-07-31 22:09:39 t_client.py:209 Sent observation #0 | 
DEBUG 2026-07-31 22:09:39 t_client.py:434 QUEUE SIZE: 0 (Must go: False)
DEBUG 2026-07-31 22:09:39 t_client.py:477 Control loop (ms): 4088.56
DEBUG 2026-07-31 22:09:39 follower.py:188 follower0 SOFollower read state: 1.8ms
DEBUG 2026-07-31 22:09:39 follower.py:196 follower0 SOFollower read base_0_rgb: 0.0ms
DEBUG 2026-07-31 22:09:39 follower.py:196 follower0 SOFollower read left_wrist_0_rgb: 0.0ms
DEBUG 2026-07-31 22:09:39 t_client.py:198 Observation serialization time: 0.000907s
DEBUG 2026-07-31 22:09:39 ort/utils.py:54 [CLIENT] Observation Buffer size 1.758378028869629 MB with
DEBUG 2026-07-31 22:09:39 ort/utils.py:69 [CLIENT] Observation Sent 1843793/1843793 bytes with state 3
DEBUG 2026-07-31 22:09:39 ort/utils.py:71 [CLIENT] Observation Published 1.758378028869629 MB
DEBUG 2026-07-31 22:09:44 t_client.py:209 Sent observation #0 | 
DEBUG 2026-07-31 22:09:44 t_client.py:434 QUEUE SIZE: 0 (Must go: False)
DEBUG 2026-07-31 22:09:44 t_client.py:477 Control loop (ms): 5017.13
DEBUG 2026-07-31 22:09:44 follower.py:188 follower0 SOFollower read state: 1.4ms
DEBUG 2026-07-31 22:09:44 follower.py:196 follower0 SOFollower read base_0_rgb: 0.0ms
DEBUG 2026-07-31 22:09:44 follower.py:196 follower0 SOFollower read left_wrist_0_rgb: 0.0ms
DEBUG 2026-07-31 22:09:44 t_client.py:198 Observation serialization time: 0.000649s
DEBUG 2026-07-31 22:09:44 ort/utils.py:54 [CLIENT] Observation Buffer size 1.758378028869629 MB with
DEBUG 2026-07-31 22:09:44 ort/utils.py:69 [CLIENT] Observation Sent 1843793/1843793 bytes with state 3
DEBUG 2026-07-31 22:09:44 ort/utils.py:71 [CLIENT] Observation Published 1.758378028869629 MB
DEBUG 2026-07-31 22:09:50 t_client.py:209 Sent observation #0 | 
DEBUG 2026-07-31 22:09:50 t_client.py:434 QUEUE SIZE: 0 (Must go: False)
DEBUG 2026-07-31 22:09:50 t_client.py:477 Control loop (ms): 5438.75
DEBUG 2026-07-31 22:09:50 follower.py:188 follower0 SOFollower read state: 1.4ms
DEBUG 2026-07-31 22:09:50 follower.py:196 follower0 SOFollower read base_0_rgb: 0.0ms
DEBUG 2026-07-31 22:09:50 follower.py:196 follower0 SOFollower read left_wrist_0_rgb: 0.0ms
DEBUG 2026-07-31 22:09:50 t_client.py:198 Observation serialization time: 0.000539s
DEBUG 2026-07-31 22:09:50 ort/utils.py:54 [CLIENT] Observation Buffer size 1.758378028869629 MB with
DEBUG 2026-07-31 22:09:50 ort/utils.py:69 [CLIENT] Observation Sent 1843793/1843793 bytes with state 3
DEBUG 2026-07-31 22:09:50 ort/utils.py:71 [CLIENT] Observation Published 1.758378028869629 MB
DEBUG 2026-07-31 22:09:55 t_client.py:209 Sent observation #0 | 
DEBUG 2026-07-31 22:09:55 t_client.py:434 QUEUE SIZE: 0 (Must go: False)
DEBUG 2026-07-31 22:09:55 t_client.py:477 Control loop (ms): 5314.56
DEBUG 2026-07-31 22:09:55 follower.py:188 follower0 SOFollower read state: 1.5ms
DEBUG 2026-07-31 22:09:55 follower.py:196 follower0 SOFollower read base_0_rgb: 0.0ms
DEBUG 2026-07-31 22:09:55 follower.py:196 follower0 SOFollower read left_wrist_0_rgb: 0.0ms
DEBUG 2026-07-31 22:09:55 t_client.py:198 Observation serialization time: 0.000683s
DEBUG 2026-07-31 22:09:55 ort/utils.py:54 [CLIENT] Observation Buffer size 1.758378028869629 MB with
DEBUG 2026-07-31 22:09:55 ort/utils.py:69 [CLIENT] Observation Sent 1843793/1843793 bytes with state 3
DEBUG 2026-07-31 22:09:55 ort/utils.py:71 [CLIENT] Observation Published 1.758378028869629 MB
DEBUG 2026-07-31 22:10:00 t_client.py:209 Sent observation #0 | 
DEBUG 2026-07-31 22:10:00 t_client.py:434 QUEUE SIZE: 0 (Must go: False)
DEBUG 2026-07-31 22:10:00 t_client.py:477 Control loop (ms): 5220.96
DEBUG 2026-07-31 22:10:00 follower.py:188 follower0 SOFollower read state: 1.6ms
DEBUG 2026-07-31 22:10:00 follower.py:196 follower0 SOFollower read base_0_rgb: 0.0ms
DEBUG 2026-07-31 22:10:00 follower.py:196 follower0 SOFollower read left_wrist_0_rgb: 0.0ms
DEBUG 2026-07-31 22:10:00 t_client.py:198 Observation serialization time: 0.000726s
DEBUG 2026-07-31 22:10:00 ort/utils.py:54 [CLIENT] Observation Buffer size 1.758378028869629 MB with
DEBUG 2026-07-31 22:10:00 ort/utils.py:69 [CLIENT] Observation Sent 1843793/1843793 bytes with state 3
DEBUG 2026-07-31 22:10:00 ort/utils.py:71 [CLIENT] Observation Published 1.758378028869629 MB
DEBUG 2026-07-31 22:10:05 t_client.py:209 Sent observation #0 | 
DEBUG 2026-07-31 22:10:05 t_client.py:434 QUEUE SIZE: 0 (Must go: False)
DEBUG 2026-07-31 22:10:05 t_client.py:477 Control loop (ms): 4505.41
DEBUG 2026-07-31 22:10:05 follower.py:188 follower0 SOFollower read state: 1.6ms
DEBUG 2026-07-31 22:10:05 follower.py:196 follower0 SOFollower read base_0_rgb: 0.0ms
DEBUG 2026-07-31 22:10:05 follower.py:196 follower0 SOFollower read left_wrist_0_rgb: 0.0ms
DEBUG 2026-07-31 22:10:05 t_client.py:198 Observation serialization time: 0.000824s
DEBUG 2026-07-31 22:10:05 ort/utils.py:54 [CLIENT] Observation Buffer size 1.758378028869629 MB with
DEBUG 2026-07-31 22:10:05 ort/utils.py:69 [CLIENT] Observation Sent 1843793/1843793 bytes with state 3
DEBUG 2026-07-31 22:10:05 ort/utils.py:71 [CLIENT] Observation Published 1.758378028869629 MB
DEBUG 2026-07-31 22:10:08 t_client.py:209 Sent observation #0 | 
DEBUG 2026-07-31 22:10:08 t_client.py:434 QUEUE SIZE: 0 (Must go: False)
DEBUG 2026-07-31 22:10:08 t_client.py:477 Control loop (ms): 3807.85
DEBUG 2026-07-31 22:10:08 follower.py:188 follower0 SOFollower read state: 1.4ms
DEBUG 2026-07-31 22:10:08 follower.py:196 follower0 SOFollower read base_0_rgb: 0.0ms
DEBUG 2026-07-31 22:10:08 follower.py:196 follower0 SOFollower read left_wrist_0_rgb: 0.0ms
DEBUG 2026-07-31 22:10:08 t_client.py:198 Observation serialization time: 0.000537s
DEBUG 2026-07-31 22:10:08 ort/utils.py:54 [CLIENT] Observation Buffer size 1.758378028869629 MB with
DEBUG 2026-07-31 22:10:08 ort/utils.py:69 [CLIENT] Observation Sent 1843793/1843793 bytes with state 3
DEBUG 2026-07-31 22:10:08 ort/utils.py:71 [CLIENT] Observation Published 1.758378028869629 MB
DEBUG 2026-07-31 22:10:13 t_client.py:209 Sent observation #0 | 
DEBUG 2026-07-31 22:10:13 t_client.py:434 QUEUE SIZE: 0 (Must go: False)
DEBUG 2026-07-31 22:10:13 t_client.py:477 Control loop (ms): 4132.96
DEBUG 2026-07-31 22:10:13 follower.py:188 follower0 SOFollower read state: 1.7ms
DEBUG 2026-07-31 22:10:13 follower.py:196 follower0 SOFollower read base_0_rgb: 0.0ms
DEBUG 2026-07-31 22:10:13 follower.py:196 follower0 SOFollower read left_wrist_0_rgb: 0.0ms
DEBUG 2026-07-31 22:10:13 t_client.py:198 Observation serialization time: 0.000718s
DEBUG 2026-07-31 22:10:13 ort/utils.py:54 [CLIENT] Observation Buffer size 1.758378028869629 MB with
DEBUG 2026-07-31 22:10:13 ort/utils.py:69 [CLIENT] Observation Sent 1843793/1843793 bytes with state 3
DEBUG 2026-07-31 22:10:13 ort/utils.py:71 [CLIENT] Observation Published 1.758378028869629 MB
DEBUG 2026-07-31 22:10:17 t_client.py:209 Sent observation #0 | 
DEBUG 2026-07-31 22:10:17 t_client.py:434 QUEUE SIZE: 0 (Must go: False)
DEBUG 2026-07-31 22:10:17 t_client.py:477 Control loop (ms): 4021.04
DEBUG 2026-07-31 22:10:17 follower.py:188 follower0 SOFollower read state: 1.5ms
DEBUG 2026-07-31 22:10:17 follower.py:196 follower0 SOFollower read base_0_rgb: 0.0ms
DEBUG 2026-07-31 22:10:17 follower.py:196 follower0 SOFollower read left_wrist_0_rgb: 0.0ms
DEBUG 2026-07-31 22:10:17 t_client.py:198 Observation serialization time: 0.000494s
DEBUG 2026-07-31 22:10:17 ort/utils.py:54 [CLIENT] Observation Buffer size 1.758378028869629 MB with
DEBUG 2026-07-31 22:10:17 ort/utils.py:69 [CLIENT] Observation Sent 1843793/1843793 bytes with state 3
DEBUG 2026-07-31 22:10:17 ort/utils.py:71 [CLIENT] Observation Published 1.758378028869629 MB
DEBUG 2026-07-31 22:10:21 t_client.py:209 Sent observation #0 | 
DEBUG 2026-07-31 22:10:21 t_client.py:434 QUEUE SIZE: 0 (Must go: False)
DEBUG 2026-07-31 22:10:21 t_client.py:477 Control loop (ms): 4114.19
DEBUG 2026-07-31 22:10:21 follower.py:188 follower0 SOFollower read state: 1.4ms
DEBUG 2026-07-31 22:10:21 follower.py:196 follower0 SOFollower read base_0_rgb: 0.0ms
DEBUG 2026-07-31 22:10:21 follower.py:196 follower0 SOFollower read left_wrist_0_rgb: 0.0ms
DEBUG 2026-07-31 22:10:21 t_client.py:198 Observation serialization time: 0.000664s
DEBUG 2026-07-31 22:10:21 ort/utils.py:54 [CLIENT] Observation Buffer size 1.758378028869629 MB with
DEBUG 2026-07-31 22:10:21 ort/utils.py:69 [CLIENT] Observation Sent 1843793/1843793 bytes with state 3
DEBUG 2026-07-31 22:10:21 ort/utils.py:71 [CLIENT] Observation Published 1.758378028869629 MB
DEBUG 2026-07-31 22:10:26 t_client.py:209 Sent observation #0 | 
DEBUG 2026-07-31 22:10:26 t_client.py:434 QUEUE SIZE: 0 (Must go: False)
DEBUG 2026-07-31 22:10:26 t_client.py:477 Control loop (ms): 5222.45
DEBUG 2026-07-31 22:10:26 follower.py:188 follower0 SOFollower read state: 1.5ms
DEBUG 2026-07-31 22:10:26 follower.py:196 follower0 SOFollower read base_0_rgb: 0.0ms
DEBUG 2026-07-31 22:10:26 follower.py:196 follower0 SOFollower read left_wrist_0_rgb: 0.0ms
DEBUG 2026-07-31 22:10:26 t_client.py:198 Observation serialization time: 0.000525s
DEBUG 2026-07-31 22:10:26 ort/utils.py:54 [CLIENT] Observation Buffer size 1.758378028869629 MB with
DEBUG 2026-07-31 22:10:26 ort/utils.py:69 [CLIENT] Observation Sent 1843793/1843793 bytes with state 3
DEBUG 2026-07-31 22:10:26 ort/utils.py:71 [CLIENT] Observation Published 1.758378028869629 MB
DEBUG 2026-07-31 22:10:31 t_client.py:209 Sent observation #0 | 
DEBUG 2026-07-31 22:10:31 t_client.py:434 QUEUE SIZE: 0 (Must go: False)
DEBUG 2026-07-31 22:10:31 t_client.py:477 Control loop (ms): 5383.89
DEBUG 2026-07-31 22:10:31 follower.py:188 follower0 SOFollower read state: 1.5ms
DEBUG 2026-07-31 22:10:31 follower.py:196 follower0 SOFollower read base_0_rgb: 0.0ms
DEBUG 2026-07-31 22:10:31 follower.py:196 follower0 SOFollower read left_wrist_0_rgb: 0.0ms
DEBUG 2026-07-31 22:10:31 t_client.py:198 Observation serialization time: 0.000624s
DEBUG 2026-07-31 22:10:31 ort/utils.py:54 [CLIENT] Observation Buffer size 1.758378028869629 MB with
DEBUG 2026-07-31 22:10:31 ort/utils.py:69 [CLIENT] Observation Sent 1843793/1843793 bytes with state 3
DEBUG 2026-07-31 22:10:31 ort/utils.py:71 [CLIENT] Observation Published 1.758378028869629 MB
DEBUG 2026-07-31 22:10:36 t_client.py:209 Sent observation #0 | 
DEBUG 2026-07-31 22:10:36 t_client.py:434 QUEUE SIZE: 0 (Must go: False)
DEBUG 2026-07-31 22:10:36 t_client.py:477 Control loop (ms): 4264.49
DEBUG 2026-07-31 22:10:36 follower.py:188 follower0 SOFollower read state: 1.5ms
DEBUG 2026-07-31 22:10:36 follower.py:196 follower0 SOFollower read base_0_rgb: 0.0ms
DEBUG 2026-07-31 22:10:36 follower.py:196 follower0 SOFollower read left_wrist_0_rgb: 0.0ms
DEBUG 2026-07-31 22:10:36 t_client.py:198 Observation serialization time: 0.000773s
DEBUG 2026-07-31 22:10:36 ort/utils.py:54 [CLIENT] Observation Buffer size 1.758378028869629 MB with
DEBUG 2026-07-31 22:10:36 ort/utils.py:69 [CLIENT] Observation Sent 1843793/1843793 bytes with state 3
DEBUG 2026-07-31 22:10:36 ort/utils.py:71 [CLIENT] Observation Published 1.758378028869629 MB
DEBUG 2026-07-31 22:10:39 t_client.py:209 Sent observation #0 | 
DEBUG 2026-07-31 22:10:39 t_client.py:434 QUEUE SIZE: 0 (Must go: False)
DEBUG 2026-07-31 22:10:39 t_client.py:477 Control loop (ms): 3903.15
DEBUG 2026-07-31 22:10:39 follower.py:188 follower0 SOFollower read state: 1.7ms
DEBUG 2026-07-31 22:10:39 follower.py:196 follower0 SOFollower read base_0_rgb: 0.0ms
DEBUG 2026-07-31 22:10:39 follower.py:196 follower0 SOFollower read left_wrist_0_rgb: 0.0ms
DEBUG 2026-07-31 22:10:39 t_client.py:198 Observation serialization time: 0.001001s
DEBUG 2026-07-31 22:10:39 ort/utils.py:54 [CLIENT] Observation Buffer size 1.758378028869629 MB with
DEBUG 2026-07-31 22:10:39 ort/utils.py:69 [CLIENT] Observation Sent 1843793/1843793 bytes with state 3
DEBUG 2026-07-31 22:10:39 ort/utils.py:71 [CLIENT] Observation Published 1.758378028869629 MB
DEBUG 2026-07-31 22:10:44 t_client.py:209 Sent observation #0 | 
DEBUG 2026-07-31 22:10:44 t_client.py:434 QUEUE SIZE: 0 (Must go: False)
DEBUG 2026-07-31 22:10:44 t_client.py:477 Control loop (ms): 4573.21
DEBUG 2026-07-31 22:10:44 follower.py:188 follower0 SOFollower read state: 1.6ms
DEBUG 2026-07-31 22:10:44 follower.py:196 follower0 SOFollower read base_0_rgb: 0.0ms
DEBUG 2026-07-31 22:10:44 follower.py:196 follower0 SOFollower read left_wrist_0_rgb: 0.0ms
DEBUG 2026-07-31 22:10:44 t_client.py:198 Observation serialization time: 0.000675s
DEBUG 2026-07-31 22:10:44 ort/utils.py:54 [CLIENT] Observation Buffer size 1.758378028869629 MB with
DEBUG 2026-07-31 22:10:44 ort/utils.py:69 [CLIENT] Observation Sent 1843793/1843793 bytes with state 3
DEBUG 2026-07-31 22:10:44 ort/utils.py:71 [CLIENT] Observation Published 1.758378028869629 MB
DEBUG 2026-07-31 22:10:48 t_client.py:209 Sent observation #0 | 
DEBUG 2026-07-31 22:10:48 t_client.py:434 QUEUE SIZE: 0 (Must go: False)
DEBUG 2026-07-31 22:10:48 t_client.py:477 Control loop (ms): 4470.21
DEBUG 2026-07-31 22:10:48 follower.py:188 follower0 SOFollower read state: 1.8ms
DEBUG 2026-07-31 22:10:48 follower.py:196 follower0 SOFollower read base_0_rgb: 0.0ms
DEBUG 2026-07-31 22:10:48 follower.py:196 follower0 SOFollower read left_wrist_0_rgb: 0.0ms
DEBUG 2026-07-31 22:10:48 t_client.py:198 Observation serialization time: 0.000727s
DEBUG 2026-07-31 22:10:48 ort/utils.py:54 [CLIENT] Observation Buffer size 1.758378028869629 MB with
DEBUG 2026-07-31 22:10:48 ort/utils.py:69 [CLIENT] Observation Sent 1843793/1843793 bytes with state 3
DEBUG 2026-07-31 22:10:48 ort/utils.py:71 [CLIENT] Observation Published 1.758378028869629 MB
DEBUG 2026-07-31 22:10:54 t_client.py:209 Sent observation #0 | 
DEBUG 2026-07-31 22:10:54 t_client.py:434 QUEUE SIZE: 0 (Must go: False)
DEBUG 2026-07-31 22:10:54 t_client.py:477 Control loop (ms): 5093.05
DEBUG 2026-07-31 22:10:54 follower.py:188 follower0 SOFollower read state: 1.5ms
DEBUG 2026-07-31 22:10:54 follower.py:196 follower0 SOFollower read base_0_rgb: 0.0ms
DEBUG 2026-07-31 22:10:54 follower.py:196 follower0 SOFollower read left_wrist_0_rgb: 0.0ms
DEBUG 2026-07-31 22:10:54 t_client.py:198 Observation serialization time: 0.000671s
DEBUG 2026-07-31 22:10:54 ort/utils.py:54 [CLIENT] Observation Buffer size 1.758378028869629 MB with
DEBUG 2026-07-31 22:10:54 ort/utils.py:69 [CLIENT] Observation Sent 1843793/1843793 bytes with state 3
DEBUG 2026-07-31 22:10:54 ort/utils.py:71 [CLIENT] Observation Published 1.758378028869629 MB
DEBUG 2026-07-31 22:10:58 t_client.py:209 Sent observation #0 | 
DEBUG 2026-07-31 22:10:58 t_client.py:434 QUEUE SIZE: 0 (Must go: False)
DEBUG 2026-07-31 22:10:58 t_client.py:477 Control loop (ms): 4107.52
DEBUG 2026-07-31 22:10:58 follower.py:188 follower0 SOFollower read state: 1.7ms
DEBUG 2026-07-31 22:10:58 follower.py:196 follower0 SOFollower read base_0_rgb: 0.0ms
DEBUG 2026-07-31 22:10:58 follower.py:196 follower0 SOFollower read left_wrist_0_rgb: 0.0ms
DEBUG 2026-07-31 22:10:58 t_client.py:198 Observation serialization time: 0.000927s
DEBUG 2026-07-31 22:10:58 ort/utils.py:54 [CLIENT] Observation Buffer size 1.758378028869629 MB with
DEBUG 2026-07-31 22:10:58 ort/utils.py:69 [CLIENT] Observation Sent 1843793/1843793 bytes with state 3
DEBUG 2026-07-31 22:10:58 ort/utils.py:71 [CLIENT] Observation Published 1.758378028869629 MB
DEBUG 2026-07-31 22:11:02 t_client.py:209 Sent observation #0 | 
DEBUG 2026-07-31 22:11:02 t_client.py:434 QUEUE SIZE: 0 (Must go: False)
DEBUG 2026-07-31 22:11:02 t_client.py:477 Control loop (ms): 4511.33
DEBUG 2026-07-31 22:11:02 follower.py:188 follower0 SOFollower read state: 1.5ms
DEBUG 2026-07-31 22:11:02 follower.py:196 follower0 SOFollower read base_0_rgb: 0.0ms
DEBUG 2026-07-31 22:11:02 follower.py:196 follower0 SOFollower read left_wrist_0_rgb: 0.0ms
DEBUG 2026-07-31 22:11:02 t_client.py:198 Observation serialization time: 0.000652s
DEBUG 2026-07-31 22:11:02 ort/utils.py:54 [CLIENT] Observation Buffer size 1.758378028869629 MB with
DEBUG 2026-07-31 22:11:02 ort/utils.py:69 [CLIENT] Observation Sent 1843793/1843793 bytes with state 3
DEBUG 2026-07-31 22:11:02 ort/utils.py:71 [CLIENT] Observation Published 1.758378028869629 MB
DEBUG 2026-07-31 22:11:07 t_client.py:209 Sent observation #0 | 
DEBUG 2026-07-31 22:11:07 t_client.py:434 QUEUE SIZE: 0 (Must go: False)
DEBUG 2026-07-31 22:11:07 t_client.py:477 Control loop (ms): 4615.94
DEBUG 2026-07-31 22:11:07 follower.py:188 follower0 SOFollower read state: 1.6ms
DEBUG 2026-07-31 22:11:07 follower.py:196 follower0 SOFollower read base_0_rgb: 0.0ms
DEBUG 2026-07-31 22:11:07 follower.py:196 follower0 SOFollower read left_wrist_0_rgb: 0.0ms
DEBUG 2026-07-31 22:11:07 t_client.py:198 Observation serialization time: 0.000537s
DEBUG 2026-07-31 22:11:07 ort/utils.py:54 [CLIENT] Observation Buffer size 1.758378028869629 MB with
DEBUG 2026-07-31 22:11:07 ort/utils.py:69 [CLIENT] Observation Sent 1843793/1843793 bytes with state 3
DEBUG 2026-07-31 22:11:07 ort/utils.py:71 [CLIENT] Observation Published 1.758378028869629 MB
DEBUG 2026-07-31 22:11:13 t_client.py:209 Sent observation #0 | 
DEBUG 2026-07-31 22:11:13 t_client.py:434 QUEUE SIZE: 0 (Must go: False)
DEBUG 2026-07-31 22:11:13 t_client.py:477 Control loop (ms): 5751.37
DEBUG 2026-07-31 22:11:13 follower.py:188 follower0 SOFollower read state: 1.6ms
DEBUG 2026-07-31 22:11:13 follower.py:196 follower0 SOFollower read base_0_rgb: 0.0ms
DEBUG 2026-07-31 22:11:13 follower.py:196 follower0 SOFollower read left_wrist_0_rgb: 0.0ms
DEBUG 2026-07-31 22:11:13 t_client.py:198 Observation serialization time: 0.000727s
DEBUG 2026-07-31 22:11:13 ort/utils.py:54 [CLIENT] Observation Buffer size 1.758378028869629 MB with
DEBUG 2026-07-31 22:11:13 ort/utils.py:69 [CLIENT] Observation Sent 1843793/1843793 bytes with state 3
DEBUG 2026-07-31 22:11:13 ort/utils.py:71 [CLIENT] Observation Published 1.758378028869629 MB
DEBUG 2026-07-31 22:11:17 t_client.py:209 Sent observation #0 | 
DEBUG 2026-07-31 22:11:17 t_client.py:434 QUEUE SIZE: 0 (Must go: False)
DEBUG 2026-07-31 22:11:17 t_client.py:477 Control loop (ms): 4045.03
DEBUG 2026-07-31 22:11:17 follower.py:188 follower0 SOFollower read state: 1.5ms
DEBUG 2026-07-31 22:11:17 follower.py:196 follower0 SOFollower read base_0_rgb: 0.0ms
DEBUG 2026-07-31 22:11:17 follower.py:196 follower0 SOFollower read left_wrist_0_rgb: 0.0ms
DEBUG 2026-07-31 22:11:17 t_client.py:198 Observation serialization time: 0.000659s
DEBUG 2026-07-31 22:11:17 ort/utils.py:54 [CLIENT] Observation Buffer size 1.758378028869629 MB with
DEBUG 2026-07-31 22:11:17 ort/utils.py:69 [CLIENT] Observation Sent 1843793/1843793 bytes with state 3
DEBUG 2026-07-31 22:11:17 ort/utils.py:71 [CLIENT] Observation Published 1.758378028869629 MB
DEBUG 2026-07-31 22:11:22 t_client.py:209 Sent observation #0 | 
DEBUG 2026-07-31 22:11:22 t_client.py:434 QUEUE SIZE: 0 (Must go: False)
DEBUG 2026-07-31 22:11:22 t_client.py:477 Control loop (ms): 5292.34
DEBUG 2026-07-31 22:11:22 follower.py:188 follower0 SOFollower read state: 1.4ms
DEBUG 2026-07-31 22:11:22 follower.py:196 follower0 SOFollower read base_0_rgb: 0.0ms
DEBUG 2026-07-31 22:11:22 follower.py:196 follower0 SOFollower read left_wrist_0_rgb: 0.0ms
DEBUG 2026-07-31 22:11:22 t_client.py:198 Observation serialization time: 0.000498s
DEBUG 2026-07-31 22:11:22 ort/utils.py:54 [CLIENT] Observation Buffer size 1.758378028869629 MB with
DEBUG 2026-07-31 22:11:22 ort/utils.py:69 [CLIENT] Observation Sent 1843793/1843793 bytes with state 3
DEBUG 2026-07-31 22:11:22 ort/utils.py:71 [CLIENT] Observation Published 1.758378028869629 MB
DEBUG 2026-07-31 22:11:29 t_client.py:209 Sent observation #0 | 
DEBUG 2026-07-31 22:11:29 t_client.py:434 QUEUE SIZE: 0 (Must go: False)
DEBUG 2026-07-31 22:11:29 t_client.py:477 Control loop (ms): 6715.25
DEBUG 2026-07-31 22:11:29 follower.py:188 follower0 SOFollower read state: 1.6ms
DEBUG 2026-07-31 22:11:29 follower.py:196 follower0 SOFollower read base_0_rgb: 0.0ms
DEBUG 2026-07-31 22:11:29 follower.py:196 follower0 SOFollower read left_wrist_0_rgb: 0.0ms
DEBUG 2026-07-31 22:11:29 t_client.py:198 Observation serialization time: 0.000461s
DEBUG 2026-07-31 22:11:29 ort/utils.py:54 [CLIENT] Observation Buffer size 1.758378028869629 MB with
DEBUG 2026-07-31 22:11:29 ort/utils.py:69 [CLIENT] Observation Sent 1843793/1843793 bytes with state 3
DEBUG 2026-07-31 22:11:29 ort/utils.py:71 [CLIENT] Observation Published 1.758378028869629 MB
DEBUG 2026-07-31 22:11:32 t_client.py:209 Sent observation #0 | 
DEBUG 2026-07-31 22:11:32 t_client.py:434 QUEUE SIZE: 0 (Must go: False)
DEBUG 2026-07-31 22:11:32 t_client.py:477 Control loop (ms): 3815.41
DEBUG 2026-07-31 22:11:32 follower.py:188 follower0 SOFollower read state: 1.7ms
DEBUG 2026-07-31 22:11:32 follower.py:196 follower0 SOFollower read base_0_rgb: 0.0ms
DEBUG 2026-07-31 22:11:32 follower.py:196 follower0 SOFollower read left_wrist_0_rgb: 0.0ms
DEBUG 2026-07-31 22:11:32 t_client.py:198 Observation serialization time: 0.000605s
DEBUG 2026-07-31 22:11:32 ort/utils.py:54 [CLIENT] Observation Buffer size 1.758378028869629 MB with
DEBUG 2026-07-31 22:11:32 ort/utils.py:69 [CLIENT] Observation Sent 1843793/1843793 bytes with state 3
DEBUG 2026-07-31 22:11:32 ort/utils.py:71 [CLIENT] Observation Published 1.758378028869629 MB
DEBUG 2026-07-31 22:11:37 t_client.py:209 Sent observation #0 | 
DEBUG 2026-07-31 22:11:37 t_client.py:434 QUEUE SIZE: 0 (Must go: False)
DEBUG 2026-07-31 22:11:37 t_client.py:477 Control loop (ms): 4219.96
DEBUG 2026-07-31 22:11:37 follower.py:188 follower0 SOFollower read state: 1.6ms
DEBUG 2026-07-31 22:11:37 follower.py:196 follower0 SOFollower read base_0_rgb: 0.0ms
DEBUG 2026-07-31 22:11:37 follower.py:196 follower0 SOFollower read left_wrist_0_rgb: 0.0ms
DEBUG 2026-07-31 22:11:37 t_client.py:198 Observation serialization time: 0.000684s
DEBUG 2026-07-31 22:11:37 ort/utils.py:54 [CLIENT] Observation Buffer size 1.758378028869629 MB with
DEBUG 2026-07-31 22:11:37 ort/utils.py:69 [CLIENT] Observation Sent 1843793/1843793 bytes with state 3
DEBUG 2026-07-31 22:11:37 ort/utils.py:71 [CLIENT] Observation Published 1.758378028869629 MB
DEBUG 2026-07-31 22:11:40 t_client.py:209 Sent observation #0 | 
DEBUG 2026-07-31 22:11:40 t_client.py:434 QUEUE SIZE: 0 (Must go: False)
DEBUG 2026-07-31 22:11:40 t_client.py:477 Control loop (ms): 3740.98
DEBUG 2026-07-31 22:11:40 follower.py:188 follower0 SOFollower read state: 1.4ms
DEBUG 2026-07-31 22:11:40 follower.py:196 follower0 SOFollower read base_0_rgb: 0.0ms
DEBUG 2026-07-31 22:11:40 follower.py:196 follower0 SOFollower read left_wrist_0_rgb: 0.0ms
DEBUG 2026-07-31 22:11:40 t_client.py:198 Observation serialization time: 0.000695s
DEBUG 2026-07-31 22:11:40 ort/utils.py:54 [CLIENT] Observation Buffer size 1.758378028869629 MB with
DEBUG 2026-07-31 22:11:40 ort/utils.py:69 [CLIENT] Observation Sent 1843793/1843793 bytes with state 3
DEBUG 2026-07-31 22:11:40 ort/utils.py:71 [CLIENT] Observation Published 1.758378028869629 MB
DEBUG 2026-07-31 22:11:44 t_client.py:209 Sent observation #0 | 
DEBUG 2026-07-31 22:11:44 t_client.py:434 QUEUE SIZE: 0 (Must go: False)
DEBUG 2026-07-31 22:11:44 t_client.py:477 Control loop (ms): 3391.13
DEBUG 2026-07-31 22:11:44 follower.py:188 follower0 SOFollower read state: 1.7ms
DEBUG 2026-07-31 22:11:44 follower.py:196 follower0 SOFollower read base_0_rgb: 0.0ms
DEBUG 2026-07-31 22:11:44 follower.py:196 follower0 SOFollower read left_wrist_0_rgb: 0.0ms
DEBUG 2026-07-31 22:11:44 t_client.py:198 Observation serialization time: 0.000642s
DEBUG 2026-07-31 22:11:44 ort/utils.py:54 [CLIENT] Observation Buffer size 1.758378028869629 MB with
DEBUG 2026-07-31 22:11:44 ort/utils.py:69 [CLIENT] Observation Sent 1843793/1843793 bytes with state 3
DEBUG 2026-07-31 22:11:44 ort/utils.py:71 [CLIENT] Observation Published 1.758378028869629 MB
DEBUG 2026-07-31 22:11:50 t_client.py:209 Sent observation #0 | 
DEBUG 2026-07-31 22:11:50 t_client.py:434 QUEUE SIZE: 0 (Must go: False)
DEBUG 2026-07-31 22:11:50 t_client.py:477 Control loop (ms): 5817.30
DEBUG 2026-07-31 22:11:50 follower.py:188 follower0 SOFollower read state: 1.5ms
DEBUG 2026-07-31 22:11:50 follower.py:196 follower0 SOFollower read base_0_rgb: 0.0ms
DEBUG 2026-07-31 22:11:50 follower.py:196 follower0 SOFollower read left_wrist_0_rgb: 0.0ms
DEBUG 2026-07-31 22:11:50 t_client.py:198 Observation serialization time: 0.000460s
DEBUG 2026-07-31 22:11:50 ort/utils.py:54 [CLIENT] Observation Buffer size 1.758378028869629 MB with
DEBUG 2026-07-31 22:11:50 ort/utils.py:69 [CLIENT] Observation Sent 1843793/1843793 bytes with state 3
DEBUG 2026-07-31 22:11:50 ort/utils.py:71 [CLIENT] Observation Published 1.758378028869629 MB
DEBUG 2026-07-31 22:11:57 t_client.py:209 Sent observation #0 | 
DEBUG 2026-07-31 22:11:57 t_client.py:434 QUEUE SIZE: 0 (Must go: False)
DEBUG 2026-07-31 22:11:57 t_client.py:477 Control loop (ms): 7422.25
DEBUG 2026-07-31 22:11:57 follower.py:188 follower0 SOFollower read state: 1.4ms
DEBUG 2026-07-31 22:11:57 follower.py:196 follower0 SOFollower read base_0_rgb: 0.0ms
DEBUG 2026-07-31 22:11:57 follower.py:196 follower0 SOFollower read left_wrist_0_rgb: 0.0ms
DEBUG 2026-07-31 22:11:57 t_client.py:198 Observation serialization time: 0.000528s
DEBUG 2026-07-31 22:11:57 ort/utils.py:54 [CLIENT] Observation Buffer size 1.758378028869629 MB with
DEBUG 2026-07-31 22:11:57 ort/utils.py:69 [CLIENT] Observation Sent 1843793/1843793 bytes with state 3
DEBUG 2026-07-31 22:11:57 ort/utils.py:71 [CLIENT] Observation Published 1.758378028869629 MB
DEBUG 2026-07-31 22:12:05 t_client.py:209 Sent observation #0 | 
DEBUG 2026-07-31 22:12:05 t_client.py:434 QUEUE SIZE: 0 (Must go: False)
DEBUG 2026-07-31 22:12:05 t_client.py:477 Control loop (ms): 7928.26
DEBUG 2026-07-31 22:12:05 follower.py:188 follower0 SOFollower read state: 1.6ms
DEBUG 2026-07-31 22:12:05 follower.py:196 follower0 SOFollower read base_0_rgb: 0.0ms
DEBUG 2026-07-31 22:12:05 follower.py:196 follower0 SOFollower read left_wrist_0_rgb: 0.0ms
DEBUG 2026-07-31 22:12:05 t_client.py:198 Observation serialization time: 0.000453s
DEBUG 2026-07-31 22:12:05 ort/utils.py:54 [CLIENT] Observation Buffer size 1.758378028869629 MB with
DEBUG 2026-07-31 22:12:05 ort/utils.py:69 [CLIENT] Observation Sent 1843793/1843793 bytes with state 3
DEBUG 2026-07-31 22:12:05 ort/utils.py:71 [CLIENT] Observation Published 1.758378028869629 MB
DEBUG 2026-07-31 22:12:11 t_client.py:209 Sent observation #0 | 
DEBUG 2026-07-31 22:12:11 t_client.py:434 QUEUE SIZE: 0 (Must go: False)
DEBUG 2026-07-31 22:12:11 t_client.py:477 Control loop (ms): 5690.67
DEBUG 2026-07-31 22:12:11 follower.py:188 follower0 SOFollower read state: 1.5ms
DEBUG 2026-07-31 22:12:11 follower.py:196 follower0 SOFollower read base_0_rgb: 0.0ms
DEBUG 2026-07-31 22:12:11 follower.py:196 follower0 SOFollower read left_wrist_0_rgb: 0.0ms
DEBUG 2026-07-31 22:12:11 t_client.py:198 Observation serialization time: 0.000464s
DEBUG 2026-07-31 22:12:11 ort/utils.py:54 [CLIENT] Observation Buffer size 1.758378028869629 MB with
DEBUG 2026-07-31 22:12:11 ort/utils.py:69 [CLIENT] Observation Sent 1843793/1843793 bytes with state 3
DEBUG 2026-07-31 22:12:11 ort/utils.py:71 [CLIENT] Observation Published 1.758378028869629 MB
DEBUG 2026-07-31 22:12:17 t_client.py:209 Sent observation #0 | 
DEBUG 2026-07-31 22:12:17 t_client.py:434 QUEUE SIZE: 0 (Must go: False)
DEBUG 2026-07-31 22:12:17 t_client.py:477 Control loop (ms): 6349.16
DEBUG 2026-07-31 22:12:17 follower.py:188 follower0 SOFollower read state: 1.6ms
DEBUG 2026-07-31 22:12:17 follower.py:196 follower0 SOFollower read base_0_rgb: 0.0ms
DEBUG 2026-07-31 22:12:17 follower.py:196 follower0 SOFollower read left_wrist_0_rgb: 0.0ms
DEBUG 2026-07-31 22:12:17 t_client.py:198 Observation serialization time: 0.000696s
DEBUG 2026-07-31 22:12:17 ort/utils.py:54 [CLIENT] Observation Buffer size 1.758378028869629 MB with
DEBUG 2026-07-31 22:12:17 ort/utils.py:69 [CLIENT] Observation Sent 1843793/1843793 bytes with state 3
DEBUG 2026-07-31 22:12:17 ort/utils.py:71 [CLIENT] Observation Published 1.758378028869629 MB
DEBUG 2026-07-31 22:12:23 t_client.py:209 Sent observation #0 | 
DEBUG 2026-07-31 22:12:23 t_client.py:434 QUEUE SIZE: 0 (Must go: False)
DEBUG 2026-07-31 22:12:23 t_client.py:477 Control loop (ms): 6245.78
DEBUG 2026-07-31 22:12:23 follower.py:188 follower0 SOFollower read state: 1.4ms
DEBUG 2026-07-31 22:12:23 follower.py:196 follower0 SOFollower read base_0_rgb: 0.0ms
DEBUG 2026-07-31 22:12:23 follower.py:196 follower0 SOFollower read left_wrist_0_rgb: 0.0ms
DEBUG 2026-07-31 22:12:23 t_client.py:198 Observation serialization time: 0.000731s
DEBUG 2026-07-31 22:12:23 ort/utils.py:54 [CLIENT] Observation Buffer size 1.758378028869629 MB with
DEBUG 2026-07-31 22:12:23 ort/utils.py:69 [CLIENT] Observation Sent 1843793/1843793 bytes with state 3
DEBUG 2026-07-31 22:12:23 ort/utils.py:71 [CLIENT] Observation Published 1.758378028869629 MB
DEBUG 2026-07-31 22:12:29 t_client.py:209 Sent observation #0 | 
DEBUG 2026-07-31 22:12:29 t_client.py:434 QUEUE SIZE: 0 (Must go: False)
DEBUG 2026-07-31 22:12:29 t_client.py:477 Control loop (ms): 5325.93
DEBUG 2026-07-31 22:12:29 follower.py:188 follower0 SOFollower read state: 1.5ms
DEBUG 2026-07-31 22:12:29 follower.py:196 follower0 SOFollower read base_0_rgb: 0.0ms
DEBUG 2026-07-31 22:12:29 follower.py:196 follower0 SOFollower read left_wrist_0_rgb: 0.0ms
DEBUG 2026-07-31 22:12:29 t_client.py:198 Observation serialization time: 0.000690s
DEBUG 2026-07-31 22:12:29 ort/utils.py:54 [CLIENT] Observation Buffer size 1.758378028869629 MB with
DEBUG 2026-07-31 22:12:29 ort/utils.py:69 [CLIENT] Observation Sent 1843793/1843793 bytes with state 3
DEBUG 2026-07-31 22:12:29 ort/utils.py:71 [CLIENT] Observation Published 1.758378028869629 MB
DEBUG 2026-07-31 22:12:34 t_client.py:209 Sent observation #0 | 
DEBUG 2026-07-31 22:12:34 t_client.py:434 QUEUE SIZE: 0 (Must go: False)
DEBUG 2026-07-31 22:12:34 t_client.py:477 Control loop (ms): 5016.28
DEBUG 2026-07-31 22:12:34 follower.py:188 follower0 SOFollower read state: 1.6ms
DEBUG 2026-07-31 22:12:34 follower.py:196 follower0 SOFollower read base_0_rgb: 0.0ms
DEBUG 2026-07-31 22:12:34 follower.py:196 follower0 SOFollower read left_wrist_0_rgb: 0.0ms
DEBUG 2026-07-31 22:12:34 t_client.py:198 Observation serialization time: 0.000614s
DEBUG 2026-07-31 22:12:34 ort/utils.py:54 [CLIENT] Observation Buffer size 1.758378028869629 MB with
DEBUG 2026-07-31 22:12:34 ort/utils.py:69 [CLIENT] Observation Sent 1843793/1843793 bytes with state 3
DEBUG 2026-07-31 22:12:34 ort/utils.py:71 [CLIENT] Observation Published 1.758378028869629 MB
DEBUG 2026-07-31 22:12:38 t_client.py:209 Sent observation #0 | 
DEBUG 2026-07-31 22:12:38 t_client.py:434 QUEUE SIZE: 0 (Must go: False)
DEBUG 2026-07-31 22:12:38 t_client.py:477 Control loop (ms): 4902.02
DEBUG 2026-07-31 22:12:38 follower.py:188 follower0 SOFollower read state: 1.4ms
DEBUG 2026-07-31 22:12:38 follower.py:196 follower0 SOFollower read base_0_rgb: 0.0ms
DEBUG 2026-07-31 22:12:38 follower.py:196 follower0 SOFollower read left_wrist_0_rgb: 0.0ms
DEBUG 2026-07-31 22:12:38 t_client.py:198 Observation serialization time: 0.000540s
DEBUG 2026-07-31 22:12:38 ort/utils.py:54 [CLIENT] Observation Buffer size 1.758378028869629 MB with
DEBUG 2026-07-31 22:12:38 ort/utils.py:69 [CLIENT] Observation Sent 1843793/1843793 bytes with state 3
DEBUG 2026-07-31 22:12:38 ort/utils.py:71 [CLIENT] Observation Published 1.758378028869629 MB
DEBUG 2026-07-31 22:12:44 t_client.py:209 Sent observation #0 | 
DEBUG 2026-07-31 22:12:44 t_client.py:434 QUEUE SIZE: 0 (Must go: False)
DEBUG 2026-07-31 22:12:44 t_client.py:477 Control loop (ms): 5333.73
DEBUG 2026-07-31 22:12:44 follower.py:188 follower0 SOFollower read state: 1.4ms
DEBUG 2026-07-31 22:12:44 follower.py:196 follower0 SOFollower read base_0_rgb: 0.0ms
DEBUG 2026-07-31 22:12:44 follower.py:196 follower0 SOFollower read left_wrist_0_rgb: 0.0ms
DEBUG 2026-07-31 22:12:44 t_client.py:198 Observation serialization time: 0.000435s
DEBUG 2026-07-31 22:12:44 ort/utils.py:54 [CLIENT] Observation Buffer size 1.758378028869629 MB with
DEBUG 2026-07-31 22:12:44 ort/utils.py:69 [CLIENT] Observation Sent 1843793/1843793 bytes with state 3
DEBUG 2026-07-31 22:12:44 ort/utils.py:71 [CLIENT] Observation Published 1.758378028869629 MB
DEBUG 2026-07-31 22:12:49 t_client.py:209 Sent observation #0 | 
DEBUG 2026-07-31 22:12:49 t_client.py:434 QUEUE SIZE: 0 (Must go: False)
DEBUG 2026-07-31 22:12:49 t_client.py:477 Control loop (ms): 5333.67
DEBUG 2026-07-31 22:12:49 follower.py:188 follower0 SOFollower read state: 1.5ms
DEBUG 2026-07-31 22:12:49 follower.py:196 follower0 SOFollower read base_0_rgb: 0.0ms
DEBUG 2026-07-31 22:12:49 follower.py:196 follower0 SOFollower read left_wrist_0_rgb: 0.0ms
DEBUG 2026-07-31 22:12:49 t_client.py:198 Observation serialization time: 0.000617s
DEBUG 2026-07-31 22:12:49 ort/utils.py:54 [CLIENT] Observation Buffer size 1.758378028869629 MB with
DEBUG 2026-07-31 22:12:49 ort/utils.py:69 [CLIENT] Observation Sent 1843793/1843793 bytes with state 3
DEBUG 2026-07-31 22:12:49 ort/utils.py:71 [CLIENT] Observation Published 1.758378028869629 MB
DEBUG 2026-07-31 22:12:55 t_client.py:209 Sent observation #0 | 
DEBUG 2026-07-31 22:12:55 t_client.py:434 QUEUE SIZE: 0 (Must go: False)
DEBUG 2026-07-31 22:12:55 t_client.py:477 Control loop (ms): 5850.03
DEBUG 2026-07-31 22:12:55 follower.py:188 follower0 SOFollower read state: 2.0ms
DEBUG 2026-07-31 22:12:55 follower.py:196 follower0 SOFollower read base_0_rgb: 0.0ms
DEBUG 2026-07-31 22:12:55 follower.py:196 follower0 SOFollower read left_wrist_0_rgb: 0.0ms
DEBUG 2026-07-31 22:12:55 t_client.py:198 Observation serialization time: 0.000967s
DEBUG 2026-07-31 22:12:55 ort/utils.py:54 [CLIENT] Observation Buffer size 1.758378028869629 MB with
DEBUG 2026-07-31 22:12:55 ort/utils.py:69 [CLIENT] Observation Sent 1843793/1843793 bytes with state 3
DEBUG 2026-07-31 22:12:55 ort/utils.py:71 [CLIENT] Observation Published 1.758378028869629 MB
ERROR 2026-07-31 22:12:56 t_client.py:214 Error sending observation #0: <_InactiveRpcError of RPC that terminated with:
	status = StatusCode.UNAVAILABLE
	details = "Stream removed (Socket closed)"
	debug_error_string = "UNAVAILABLE:Stream removed (Socket closed)"
>
DEBUG 2026-07-31 22:12:56 t_client.py:434 QUEUE SIZE: 0 (Must go: False)
DEBUG 2026-07-31 22:12:56 t_client.py:477 Control loop (ms): 820.53
DEBUG 2026-07-31 22:12:56 follower.py:188 follower0 SOFollower read state: 1.8ms
DEBUG 2026-07-31 22:12:56 follower.py:196 follower0 SOFollower read base_0_rgb: 0.0ms
DEBUG 2026-07-31 22:12:56 follower.py:196 follower0 SOFollower read left_wrist_0_rgb: 0.0ms
DEBUG 2026-07-31 22:12:56 t_client.py:198 Observation serialization time: 0.000937s
DEBUG 2026-07-31 22:12:56 ort/utils.py:54 [CLIENT] Observation Buffer size 1.758378028869629 MB with
DEBUG 2026-07-31 22:12:58 tors_bus.py:561 FeetechMotorsBus disconnected.
INFO 2026-07-31 22:12:59 a_opencv.py:601 OpenCVCamera(/dev/video6) disconnected.
INFO 2026-07-31 22:12:59 a_opencv.py:601 OpenCVCamera(/dev/video4) disconnected.
INFO 2026-07-31 22:12:59 follower.py:240 follower0 SOFollower disconnected.
DEBUG 2026-07-31 22:12:59 t_client.py:178 Robot disconnected
DEBUG 2026-07-31 22:12:59 t_client.py:181 Client stopped, channel closed
ERROR 2026-07-31 22:12:59 t_client.py:359 Error receiving actions: <_InactiveRpcError of RPC that terminated with:
	status = StatusCode.CANCELLED
	details = "Channel closed!"
	debug_error_string = "CANCELLED:Channel closed!"
>
INFO 2026-07-31 22:12:59 t_client.py:512 Client stopped
