DEBUG 2026-07-31 22:13:22 rt_utils.py:248 Third-party plugin import summary: imported=[] failed=[]
DEBUG 2026-07-31 22:13:22 d_metavar.py:22 Metavar for type None: None
DEBUG 2026-07-31 22:13:22 formatter.py:52 action type: None, Result: , nargs: 0, default metavar: None
DEBUG 2026-07-31 22:13:22 d_metavar.py:22 Metavar for type <class 'str'>: str
DEBUG 2026-07-31 22:13:22 formatter.py:52 action type: <class 'str'>, Result: str, nargs: None, default metavar: None
DEBUG 2026-07-31 22:13:22 _wrapper.py:168 wrapped field at policy_type has a default value of None
DEBUG 2026-07-31 22:13:22 _wrapper.py:168 wrapped field at pretrained_name_or_path has a default value of None
DEBUG 2026-07-31 22:13:22 _wrapper.py:168 wrapped field at actions_per_chunk has a default value of None
DEBUG 2026-07-31 22:13:22 _wrapper.py:168 wrapped field at task has a default value of 
DEBUG 2026-07-31 22:13:22 _wrapper.py:168 wrapped field at server_address has a default value of localhost:8080
DEBUG 2026-07-31 22:13:22 _wrapper.py:168 wrapped field at policy_device has a default value of cpu
DEBUG 2026-07-31 22:13:22 _wrapper.py:168 wrapped field at client_device has a default value of cpu
DEBUG 2026-07-31 22:13:22 _wrapper.py:168 wrapped field at chunk_size_threshold has a default value of 0.5
DEBUG 2026-07-31 22:13:22 _wrapper.py:168 wrapped field at fps has a default value of 30
DEBUG 2026-07-31 22:13:22 _wrapper.py:168 wrapped field at aggregate_fn_name has a default value of weighted_average
DEBUG 2026-07-31 22:13:22 _wrapper.py:168 wrapped field at debug_visualize_queue_size has a default value of False
DEBUG 2026-07-31 22:13:22 _wrapper.py:309 Arg options for field 'policy_type': {'required': False, 'dest': 'policy_type', 'default': None, 'help': 'Policy configuration', 'type': <class 'str'>}
DEBUG 2026-07-31 22:13:22 _wrapper.py:309 Arg options for field 'pretrained_name_or_path': {'required': False, 'dest': 'pretrained_name_or_path', 'default': None, 'type': <class 'str'>}
DEBUG 2026-07-31 22:13:22 d_metavar.py:22 Metavar for type <class 'str'>: str
DEBUG 2026-07-31 22:13:22 formatter.py:52 action type: <class 'str'>, Result: str, nargs: None, default metavar: None
DEBUG 2026-07-31 22:13:22 _wrapper.py:168 wrapped field at robot.port has a default value of None
DEBUG 2026-07-31 22:13:22 _wrapper.py:168 wrapped field at robot.disable_torque_on_disconnect has a default value of True
DEBUG 2026-07-31 22:13:22 _wrapper.py:201 wrapped field at robot.max_relative_target has a default value of None
DEBUG 2026-07-31 22:13:22 _wrapper.py:201 wrapped field at robot.cameras has a default value of {}
DEBUG 2026-07-31 22:13:22 _wrapper.py:168 wrapped field at robot.use_degrees has a default value of True
DEBUG 2026-07-31 22:13:22 _wrapper.py:201 wrapped field at robot.id has a default value of None
DEBUG 2026-07-31 22:13:22 _wrapper.py:201 wrapped field at robot.calibration_dir has a default value of None
DEBUG 2026-07-31 22:13:22 _wrapper.py:168 wrapped field at robot.port has a default value of None
DEBUG 2026-07-31 22:13:22 _wrapper.py:168 wrapped field at robot.disable_torque_on_disconnect has a default value of True
DEBUG 2026-07-31 22:13:22 _wrapper.py:201 wrapped field at robot.max_relative_target has a default value of None
DEBUG 2026-07-31 22:13:22 _wrapper.py:201 wrapped field at robot.cameras has a default value of {}
DEBUG 2026-07-31 22:13:22 _wrapper.py:168 wrapped field at robot.use_degrees has a default value of True
DEBUG 2026-07-31 22:13:22 _wrapper.py:201 wrapped field at robot.id has a default value of None
DEBUG 2026-07-31 22:13:22 _wrapper.py:201 wrapped field at robot.calibration_dir has a default value of None
DEBUG 2026-07-31 22:13:22 _wrapper.py:201 wrapped field at robot.id has a default value of None
DEBUG 2026-07-31 22:13:22 _wrapper.py:201 wrapped field at robot.calibration_dir has a default value of None
DEBUG 2026-07-31 22:13:22 _wrapper.py:168 wrapped field at robot.left_arm_config.port has a default value of None
DEBUG 2026-07-31 22:13:22 _wrapper.py:168 wrapped field at robot.left_arm_config.disable_torque_on_disconnect has a default value of True
DEBUG 2026-07-31 22:13:22 _wrapper.py:201 wrapped field at robot.left_arm_config.max_relative_target has a default value of None
DEBUG 2026-07-31 22:13:22 _wrapper.py:201 wrapped field at robot.left_arm_config.cameras has a default value of {}
DEBUG 2026-07-31 22:13:22 _wrapper.py:168 wrapped field at robot.left_arm_config.use_degrees has a default value of True
DEBUG 2026-07-31 22:13:22 _wrapper.py:168 wrapped field at robot.right_arm_config.port has a default value of None
DEBUG 2026-07-31 22:13:22 _wrapper.py:168 wrapped field at robot.right_arm_config.disable_torque_on_disconnect has a default value of True
DEBUG 2026-07-31 22:13:22 _wrapper.py:201 wrapped field at robot.right_arm_config.max_relative_target has a default value of None
DEBUG 2026-07-31 22:13:22 _wrapper.py:201 wrapped field at robot.right_arm_config.cameras has a default value of {}
DEBUG 2026-07-31 22:13:22 _wrapper.py:168 wrapped field at robot.right_arm_config.use_degrees has a default value of True
DEBUG 2026-07-31 22:13:22 _wrapper.py:201 wrapped field at robot.cameras has a default value of {}
DEBUG 2026-07-31 22:13:22 _wrapper.py:201 wrapped field at robot.id has a default value of None
DEBUG 2026-07-31 22:13:22 _wrapper.py:201 wrapped field at robot.calibration_dir has a default value of None
DEBUG 2026-07-31 22:13:22 _wrapper.py:168 wrapped field at robot.port has a default value of None
DEBUG 2026-07-31 22:13:22 _wrapper.py:168 wrapped field at robot.disable_torque_on_disconnect has a default value of True
DEBUG 2026-07-31 22:13:22 _wrapper.py:201 wrapped field at robot.max_relative_target has a default value of None
DEBUG 2026-07-31 22:13:22 _wrapper.py:201 wrapped field at robot.cameras has a default value of {}
DEBUG 2026-07-31 22:13:22 _wrapper.py:168 wrapped field at robot.use_degrees has a default value of False
DEBUG 2026-07-31 22:13:22 _wrapper.py:201 wrapped field at robot.id has a default value of None
DEBUG 2026-07-31 22:13:22 _wrapper.py:201 wrapped field at robot.calibration_dir has a default value of None
DEBUG 2026-07-31 22:13:22 _wrapper.py:168 wrapped field at robot.port has a default value of None
DEBUG 2026-07-31 22:13:22 _wrapper.py:168 wrapped field at robot.disable_torque_on_disconnect has a default value of True
DEBUG 2026-07-31 22:13:22 _wrapper.py:201 wrapped field at robot.max_relative_target has a default value of None
DEBUG 2026-07-31 22:13:22 _wrapper.py:201 wrapped field at robot.cameras has a default value of {}
DEBUG 2026-07-31 22:13:22 _wrapper.py:168 wrapped field at robot.use_degrees has a default value of False
DEBUG 2026-07-31 22:13:22 docstring.py:65 Couldn't find the attribute docstring: source code not available
DEBUG 2026-07-31 22:13:22 _wrapper.py:309 Arg options for field 'port': {'required': False, 'dest': 'robot.port', 'default': None, 'type': <class 'str'>}
DEBUG 2026-07-31 22:13:22 docstring.py:65 Couldn't find the attribute docstring: source code not available
DEBUG 2026-07-31 22:13:22 _wrapper.py:309 Arg options for field 'disable_torque_on_disconnect': {'required': False, 'dest': 'robot.disable_torque_on_disconnect', 'default': True, 'help': ' ', 'type': <class 'bool'>}
DEBUG 2026-07-31 22:13:22 docstring.py:65 Couldn't find the attribute docstring: source code not available
DEBUG 2026-07-31 22:13:22 _wrapper.py:309 Arg options for field 'max_relative_target': {'required': False, 'dest': 'robot.max_relative_target', 'default': None, 'type': typing.Union[float, typing.Dict[str, float], NoneType]}
DEBUG 2026-07-31 22:13:22 docstring.py:65 Couldn't find the attribute docstring: source code not available
DEBUG 2026-07-31 22:13:22 _wrapper.py:309 Arg options for field 'cameras': {'required': False, 'dest': 'robot.cameras', 'default': {}, 'help': ' ', 'type': typing.Dict[str, lerobot.cameras.configs.CameraConfig]}
DEBUG 2026-07-31 22:13:22 docstring.py:65 Couldn't find the attribute docstring: source code not available
DEBUG 2026-07-31 22:13:22 _wrapper.py:309 Arg options for field 'use_degrees': {'required': False, 'dest': 'robot.use_degrees', 'default': True, 'help': ' ', 'type': <class 'bool'>}
DEBUG 2026-07-31 22:13:22 _wrapper.py:309 Arg options for field 'id': {'required': False, 'dest': 'robot.id', 'default': None, 'help': 'Allows to distinguish between different robots of the same type', 'type': typing.Optional[str]}
DEBUG 2026-07-31 22:13:22 _wrapper.py:309 Arg options for field 'calibration_dir': {'required': False, 'dest': 'robot.calibration_dir', 'default': None, 'help': 'Directory to store calibration file', 'type': typing.Optional[pathlib._local.Path]}
DEBUG 2026-07-31 22:13:22 docstring.py:65 Couldn't find the attribute docstring: source code not available
DEBUG 2026-07-31 22:13:22 _wrapper.py:309 Arg options for field 'port': {'required': False, 'dest': 'robot.port', 'default': None, 'type': <class 'str'>}
DEBUG 2026-07-31 22:13:22 docstring.py:65 Couldn't find the attribute docstring: source code not available
DEBUG 2026-07-31 22:13:22 _wrapper.py:309 Arg options for field 'disable_torque_on_disconnect': {'required': False, 'dest': 'robot.disable_torque_on_disconnect', 'default': True, 'help': ' ', 'type': <class 'bool'>}
DEBUG 2026-07-31 22:13:22 docstring.py:65 Couldn't find the attribute docstring: source code not available
DEBUG 2026-07-31 22:13:22 _wrapper.py:309 Arg options for field 'max_relative_target': {'required': False, 'dest': 'robot.max_relative_target', 'default': None, 'type': typing.Union[float, typing.Dict[str, float], NoneType]}
DEBUG 2026-07-31 22:13:22 docstring.py:65 Couldn't find the attribute docstring: source code not available
DEBUG 2026-07-31 22:13:22 _wrapper.py:309 Arg options for field 'cameras': {'required': False, 'dest': 'robot.cameras', 'default': {}, 'help': ' ', 'type': typing.Dict[str, lerobot.cameras.configs.CameraConfig]}
DEBUG 2026-07-31 22:13:22 docstring.py:65 Couldn't find the attribute docstring: source code not available
DEBUG 2026-07-31 22:13:22 _wrapper.py:309 Arg options for field 'use_degrees': {'required': False, 'dest': 'robot.use_degrees', 'default': True, 'help': ' ', 'type': <class 'bool'>}
DEBUG 2026-07-31 22:13:22 _wrapper.py:309 Arg options for field 'id': {'required': False, 'dest': 'robot.id', 'default': None, 'help': 'Allows to distinguish between different robots of the same type', 'type': typing.Optional[str]}
DEBUG 2026-07-31 22:13:22 _wrapper.py:309 Arg options for field 'calibration_dir': {'required': False, 'dest': 'robot.calibration_dir', 'default': None, 'help': 'Directory to store calibration file', 'type': typing.Optional[pathlib._local.Path]}
DEBUG 2026-07-31 22:13:22 _wrapper.py:309 Arg options for field 'id': {'required': False, 'dest': 'robot.id', 'default': None, 'help': 'Allows to distinguish between different robots of the same type', 'type': typing.Optional[str]}
DEBUG 2026-07-31 22:13:22 _wrapper.py:309 Arg options for field 'calibration_dir': {'required': False, 'dest': 'robot.calibration_dir', 'default': None, 'help': 'Directory to store calibration file', 'type': typing.Optional[pathlib._local.Path]}
DEBUG 2026-07-31 22:13:22 d_metavar.py:22 Metavar for type <class 'str'>: str
DEBUG 2026-07-31 22:13:22 formatter.py:52 action type: <class 'str'>, Result: str, nargs: None, default metavar: None
DEBUG 2026-07-31 22:13:22 _wrapper.py:309 Arg options for field 'port': {'required': False, 'dest': 'robot.left_arm_config.port', 'default': None, 'help': 'Port to connect to the arm', 'type': <class 'str'>}
DEBUG 2026-07-31 22:13:22 _wrapper.py:309 Arg options for field 'disable_torque_on_disconnect': {'required': False, 'dest': 'robot.left_arm_config.disable_torque_on_disconnect', 'default': True, 'help': ' ', 'type': <class 'bool'>}
DEBUG 2026-07-31 22:13:22 _wrapper.py:309 Arg options for field 'max_relative_target': {'required': False, 'dest': 'robot.left_arm_config.max_relative_target', 'default': None, 'help': '`max_relative_target` limits the magnitude of the relative positional target vector for safety purposes.\nSet this to a positive scalar to have the same value for all motors, or a dictionary that maps motor\nnames to the max_relative_target value for that motor.', 'type': typing.Union[float, typing.Dict[str, float], NoneType]}
DEBUG 2026-07-31 22:13:22 _wrapper.py:309 Arg options for field 'cameras': {'required': False, 'dest': 'robot.left_arm_config.cameras', 'default': {}, 'help': 'cameras', 'type': typing.Dict[str, lerobot.cameras.configs.CameraConfig]}
DEBUG 2026-07-31 22:13:22 _wrapper.py:309 Arg options for field 'use_degrees': {'required': False, 'dest': 'robot.left_arm_config.use_degrees', 'default': True, 'help': 'Set to `True` for backward compatibility with previous policies/dataset', 'type': <class 'bool'>}
DEBUG 2026-07-31 22:13:22 d_metavar.py:22 Metavar for type <class 'str'>: str
DEBUG 2026-07-31 22:13:22 formatter.py:52 action type: <class 'str'>, Result: str, nargs: None, default metavar: None
DEBUG 2026-07-31 22:13:22 _wrapper.py:309 Arg options for field 'port': {'required': False, 'dest': 'robot.right_arm_config.port', 'default': None, 'help': 'Port to connect to the arm', 'type': <class 'str'>}
DEBUG 2026-07-31 22:13:22 _wrapper.py:309 Arg options for field 'disable_torque_on_disconnect': {'required': False, 'dest': 'robot.right_arm_config.disable_torque_on_disconnect', 'default': True, 'help': ' ', 'type': <class 'bool'>}
DEBUG 2026-07-31 22:13:22 _wrapper.py:309 Arg options for field 'max_relative_target': {'required': False, 'dest': 'robot.right_arm_config.max_relative_target', 'default': None, 'help': '`max_relative_target` limits the magnitude of the relative positional target vector for safety purposes.\nSet this to a positive scalar to have the same value for all motors, or a dictionary that maps motor\nnames to the max_relative_target value for that motor.', 'type': typing.Union[float, typing.Dict[str, float], NoneType]}
DEBUG 2026-07-31 22:13:22 _wrapper.py:309 Arg options for field 'cameras': {'required': False, 'dest': 'robot.right_arm_config.cameras', 'default': {}, 'help': 'cameras', 'type': typing.Dict[str, lerobot.cameras.configs.CameraConfig]}
DEBUG 2026-07-31 22:13:22 _wrapper.py:309 Arg options for field 'use_degrees': {'required': False, 'dest': 'robot.right_arm_config.use_degrees', 'default': True, 'help': 'Set to `True` for backward compatibility with previous policies/dataset', 'type': <class 'bool'>}
DEBUG 2026-07-31 22:13:22 _wrapper.py:309 Arg options for field 'cameras': {'required': False, 'dest': 'robot.cameras', 'default': {}, 'help': 'Top-level cameras not attached to a specific side. Keys are kept as-is in\nobservations (no `left_`/`right_` prefix). Per-arm cameras (declared on\n`{left,right}_arm_config.cameras`) are prefixed.', 'type': typing.Dict[str, lerobot.cameras.configs.CameraConfig]}
DEBUG 2026-07-31 22:13:22 _wrapper.py:309 Arg options for field 'id': {'required': False, 'dest': 'robot.id', 'default': None, 'help': 'Allows to distinguish between different robots of the same type', 'type': typing.Optional[str]}
DEBUG 2026-07-31 22:13:22 _wrapper.py:309 Arg options for field 'calibration_dir': {'required': False, 'dest': 'robot.calibration_dir', 'default': None, 'help': 'Directory to store calibration file', 'type': typing.Optional[pathlib._local.Path]}
DEBUG 2026-07-31 22:13:22 _wrapper.py:309 Arg options for field 'port': {'required': False, 'dest': 'robot.port', 'default': None, 'help': 'Port to connect to the arm', 'type': <class 'str'>}
DEBUG 2026-07-31 22:13:22 _wrapper.py:309 Arg options for field 'disable_torque_on_disconnect': {'required': False, 'dest': 'robot.disable_torque_on_disconnect', 'default': True, 'help': ' ', 'type': <class 'bool'>}
DEBUG 2026-07-31 22:13:22 _wrapper.py:309 Arg options for field 'max_relative_target': {'required': False, 'dest': 'robot.max_relative_target', 'default': None, 'help': '`max_relative_target` limits the magnitude of the relative positional target vector for safety purposes.\nSet this to a positive scalar to have the same value for all motors, or a dictionary that maps motor\nnames to the max_relative_target value for that motor.', 'type': typing.Union[float, typing.Dict[str, float], NoneType]}
DEBUG 2026-07-31 22:13:22 _wrapper.py:309 Arg options for field 'cameras': {'required': False, 'dest': 'robot.cameras', 'default': {}, 'help': 'cameras', 'type': typing.Dict[str, lerobot.cameras.configs.CameraConfig]}
DEBUG 2026-07-31 22:13:22 _wrapper.py:309 Arg options for field 'use_degrees': {'required': False, 'dest': 'robot.use_degrees', 'default': False, 'help': 'Set to `True` for backward compatibility with previous policies/dataset', 'type': <class 'bool'>}
DEBUG 2026-07-31 22:13:22 _wrapper.py:309 Arg options for field 'id': {'required': False, 'dest': 'robot.id', 'default': None, 'help': 'Allows to distinguish between different robots of the same type', 'type': typing.Optional[str]}
DEBUG 2026-07-31 22:13:22 _wrapper.py:309 Arg options for field 'calibration_dir': {'required': False, 'dest': 'robot.calibration_dir', 'default': None, 'help': 'Directory to store calibration file', 'type': typing.Optional[pathlib._local.Path]}
DEBUG 2026-07-31 22:13:22 _wrapper.py:309 Arg options for field 'port': {'required': False, 'dest': 'robot.port', 'default': None, 'help': 'Port to connect to the arm', 'type': <class 'str'>}
DEBUG 2026-07-31 22:13:22 _wrapper.py:309 Arg options for field 'disable_torque_on_disconnect': {'required': False, 'dest': 'robot.disable_torque_on_disconnect', 'default': True, 'help': ' ', 'type': <class 'bool'>}
DEBUG 2026-07-31 22:13:22 _wrapper.py:309 Arg options for field 'max_relative_target': {'required': False, 'dest': 'robot.max_relative_target', 'default': None, 'help': '`max_relative_target` limits the magnitude of the relative positional target vector for safety purposes.\nSet this to a positive scalar to have the same value for all motors, or a dictionary that maps motor\nnames to the max_relative_target value for that motor.', 'type': typing.Union[float, typing.Dict[str, float], NoneType]}
DEBUG 2026-07-31 22:13:22 _wrapper.py:309 Arg options for field 'cameras': {'required': False, 'dest': 'robot.cameras', 'default': {}, 'help': 'cameras', 'type': typing.Dict[str, lerobot.cameras.configs.CameraConfig]}
DEBUG 2026-07-31 22:13:22 _wrapper.py:309 Arg options for field 'use_degrees': {'required': False, 'dest': 'robot.use_degrees', 'default': False, 'help': 'Set to `True` for backward compatibility with previous policies/dataset', 'type': <class 'bool'>}
DEBUG 2026-07-31 22:13:22 _wrapper.py:309 Arg options for field 'actions_per_chunk': {'required': False, 'dest': 'actions_per_chunk', 'default': None, 'help': 'Policies typically output K actions at max, but we can use less to avoid wasting bandwidth (as actions\nwould be aggregated on the client side anyway, depending on the value of `chunk_size_threshold`)', 'type': <class 'int'>}
DEBUG 2026-07-31 22:13:22 _wrapper.py:309 Arg options for field 'task': {'required': False, 'dest': 'task', 'default': '', 'help': "Task instruction for the robot to execute (e.g., 'fold my tshirt')", 'type': <class 'str'>}
DEBUG 2026-07-31 22:13:22 _wrapper.py:309 Arg options for field 'server_address': {'required': False, 'dest': 'server_address', 'default': 'localhost:8080', 'help': 'Network configuration', 'type': <class 'str'>}
DEBUG 2026-07-31 22:13:22 _wrapper.py:309 Arg options for field 'policy_device': {'required': False, 'dest': 'policy_device', 'default': 'cpu', 'help': 'Device configuration', 'type': <class 'str'>}
DEBUG 2026-07-31 22:13:22 ocstring.py:253 Warning: Unable to parse attribute docstring:         default="cpu",
DEBUG 2026-07-31 22:13:22 _wrapper.py:309 Arg options for field 'client_device': {'required': False, 'dest': 'client_device', 'default': 'cpu', 'help': ' ', 'type': <class 'str'>}
DEBUG 2026-07-31 22:13:22 _wrapper.py:309 Arg options for field 'chunk_size_threshold': {'required': False, 'dest': 'chunk_size_threshold', 'default': 0.5, 'help': '\n\nControl behavior configuration', 'type': <class 'float'>}
DEBUG 2026-07-31 22:13:22 _wrapper.py:309 Arg options for field 'fps': {'required': False, 'dest': 'fps', 'default': 30, 'help': ' ', 'type': <class 'int'>}
DEBUG 2026-07-31 22:13:22 ocstring.py:253 Warning: Unable to parse attribute docstring:         default="weighted_average",
DEBUG 2026-07-31 22:13:22 _wrapper.py:309 Arg options for field 'aggregate_fn_name': {'required': False, 'dest': 'aggregate_fn_name', 'default': 'weighted_average', 'help': 'Aggregate function configuration (CLI-compatible)', 'type': <class 'str'>}
DEBUG 2026-07-31 22:13:22 ocstring.py:253 Warning: Unable to parse attribute docstring:         default=False, metadata={"help": "Visualize the action queue size"}
DEBUG 2026-07-31 22:13:22 _wrapper.py:309 Arg options for field 'debug_visualize_queue_size': {'required': False, 'dest': 'debug_visualize_queue_size', 'default': False, 'help': '\n\n\nDebug configuration', 'type': <class 'bool'>}
DEBUG 2026-07-31 22:13:22 gparsing.py:143 
POST PROCESSING

DEBUG 2026-07-31 22:13:22 gparsing.py:144 (raw) parsed args: Namespace(policy_type='pi05', pretrained_name_or_path='/home/ubuntu/flow-matching/outputs/train/pi05_ft_rig_v2/checkpoints/000500/pretrained_model', server_address='localhost:8080', policy_device='cuda', task='Pick up the toy boat and place it on the wooden disk.', fps='30', actions_per_chunk='50', chunk_size_threshold='0.5', **{'robot.type': 'so101_follower', 'robot.port': '/dev/ttyACM1', 'robot.id': 'follower0', 'robot.max_relative_target': '80', 'robot.cameras': '{ base_0_rgb: {type: opencv, index_or_path: /dev/video6, width: 640, height: 480, fps: 30}, left_wrist_0_rgb: {type: opencv, index_or_path: /dev/video4, width: 640, height: 480, fps: 30}}'})
DEBUG 2026-07-31 22:13:22 decoding.py:112 from_dict for <class 'lerobot.async_inference.configs.RobotClientConfig'>
DEBUG 2026-07-31 22:13:22 decoding.py:132 Decode name = policy_type, type = <class 'str'>
DEBUG 2026-07-31 22:13:22 decoding.py:132 Decode name = pretrained_name_or_path, type = <class 'str'>
DEBUG 2026-07-31 22:13:22 decoding.py:132 Decode name = robot, type = <class 'lerobot.robots.config.RobotConfig'>
DEBUG 2026-07-31 22:13:22 decoding.py:112 from_dict for <class 'lerobot.robots.so_follower.config_so_follower.SOFollowerRobotConfig'>
DEBUG 2026-07-31 22:13:22 decoding.py:132 Decode name = port, type = <class 'str'>
DEBUG 2026-07-31 22:13:22 decoding.py:132 Decode name = max_relative_target, type = typing.Union[float, dict[str, float], NoneType]
DEBUG 2026-07-31 22:13:22 decoding.py:293 Decoding a Union field: typing.Union[float, dict[str, float], NoneType]
DEBUG 2026-07-31 22:13:22 decoding.py:261 Decoding a Dict field: dict[str, float]
DEBUG 2026-07-31 22:13:22 decoding.py:132 Decode name = cameras, type = dict[str, lerobot.cameras.configs.CameraConfig]
DEBUG 2026-07-31 22:13:22 decoding.py:261 Decoding a Dict field: dict[str, lerobot.cameras.configs.CameraConfig]
DEBUG 2026-07-31 22:13:22 decoding.py:112 from_dict for <class 'lerobot.cameras.opencv.configuration_opencv.OpenCVCameraConfig'>
DEBUG 2026-07-31 22:13:22 decoding.py:132 Decode name = fps, type = typing.Optional[int]
DEBUG 2026-07-31 22:13:22 decoding.py:293 Decoding a Union field: typing.Optional[int]
DEBUG 2026-07-31 22:13:22 decoding.py:132 Decode name = width, type = typing.Optional[int]
DEBUG 2026-07-31 22:13:22 decoding.py:132 Decode name = height, type = typing.Optional[int]
DEBUG 2026-07-31 22:13:22 decoding.py:132 Decode name = index_or_path, type = typing.Union[int, pathlib._local.Path]
DEBUG 2026-07-31 22:13:22 decoding.py:293 Decoding a Union field: typing.Union[int, pathlib._local.Path]
DEBUG 2026-07-31 22:13:22 decoding.py:112 from_dict for <class 'lerobot.cameras.opencv.configuration_opencv.OpenCVCameraConfig'>
DEBUG 2026-07-31 22:13:22 decoding.py:132 Decode name = fps, type = typing.Optional[int]
DEBUG 2026-07-31 22:13:22 decoding.py:132 Decode name = width, type = typing.Optional[int]
DEBUG 2026-07-31 22:13:22 decoding.py:132 Decode name = height, type = typing.Optional[int]
DEBUG 2026-07-31 22:13:22 decoding.py:132 Decode name = index_or_path, type = typing.Union[int, pathlib._local.Path]
DEBUG 2026-07-31 22:13:22 decoding.py:132 Decode name = id, type = typing.Optional[str]
DEBUG 2026-07-31 22:13:22 decoding.py:293 Decoding a Union field: typing.Optional[str]
DEBUG 2026-07-31 22:13:22 decoding.py:132 Decode name = actions_per_chunk, type = <class 'int'>
DEBUG 2026-07-31 22:13:22 decoding.py:132 Decode name = task, type = <class 'str'>
DEBUG 2026-07-31 22:13:22 decoding.py:132 Decode name = server_address, type = <class 'str'>
DEBUG 2026-07-31 22:13:22 decoding.py:132 Decode name = policy_device, type = <class 'str'>
DEBUG 2026-07-31 22:13:22 decoding.py:132 Decode name = chunk_size_threshold, type = <class 'float'>
DEBUG 2026-07-31 22:13:22 decoding.py:132 Decode name = fps, type = <class 'int'>
INFO 2026-07-31 22:13:22 t_client.py:486 {'actions_per_chunk': 50,
 'aggregate_fn_name': 'weighted_average',
 'chunk_size_threshold': 0.5,
 'client_device': 'cpu',
 'debug_visualize_queue_size': False,
 'fps': 30,
 'policy_device': 'cuda',
 'policy_type': 'pi05',
 'pretrained_name_or_path': '/home/ubuntu/flow-matching/outputs/train/pi05_ft_rig_v2/checkpoints/000500/pretrained_model',
 'robot': {'calibration_dir': None,
           'cameras': {'base_0_rgb': {'backend': <Cv2Backends.ANY: 0>,
                                      'color_mode': <ColorMode.RGB: 'rgb'>,
                                      'fourcc': None,
                                      'fps': 30,
                                      'height': 480,
                                      'index_or_path': PosixPath('/dev/video6'),
                                      'rotation': <Cv2Rotation.NO_ROTATION: 0>,
                                      'warmup_s': 1,
                                      'width': 640},
                       'left_wrist_0_rgb': {'backend': <Cv2Backends.ANY: 0>,
                                            'color_mode': <ColorMode.RGB: 'rgb'>,
                                            'fourcc': None,
                                            'fps': 30,
                                            'height': 480,
                                            'index_or_path': PosixPath('/dev/video4'),
                                            'rotation': <Cv2Rotation.NO_ROTATION: 0>,
                                            'warmup_s': 1,
                                            'width': 640}},
           'disable_torque_on_disconnect': True,
           'id': 'follower0',
           'max_relative_target': 80.0,
           'port': '/dev/ttyACM1',
           'use_degrees': True},
 'server_address': 'localhost:8080',
 'task': 'Pick up the toy boat and place it on the wooden disk.'}
DEBUG 2026-07-31 22:13:22 decoding.py:261 Decoding a Dict field: typing.Dict[str, lerobot.motors.motors_bus.MotorCalibration]
DEBUG 2026-07-31 22:13:22 decoding.py:112 from_dict for <class 'lerobot.motors.motors_bus.MotorCalibration'>
DEBUG 2026-07-31 22:13:22 decoding.py:132 Decode name = id, type = <class 'int'>
DEBUG 2026-07-31 22:13:22 decoding.py:132 Decode name = drive_mode, type = <class 'int'>
DEBUG 2026-07-31 22:13:22 decoding.py:132 Decode name = homing_offset, type = <class 'int'>
DEBUG 2026-07-31 22:13:22 decoding.py:132 Decode name = range_min, type = <class 'int'>
DEBUG 2026-07-31 22:13:22 decoding.py:132 Decode name = range_max, type = <class 'int'>
DEBUG 2026-07-31 22:13:22 decoding.py:112 from_dict for <class 'lerobot.motors.motors_bus.MotorCalibration'>
DEBUG 2026-07-31 22:13:22 decoding.py:132 Decode name = id, type = <class 'int'>
DEBUG 2026-07-31 22:13:22 decoding.py:132 Decode name = drive_mode, type = <class 'int'>
DEBUG 2026-07-31 22:13:22 decoding.py:132 Decode name = homing_offset, type = <class 'int'>
DEBUG 2026-07-31 22:13:22 decoding.py:132 Decode name = range_min, type = <class 'int'>
DEBUG 2026-07-31 22:13:22 decoding.py:132 Decode name = range_max, type = <class 'int'>
DEBUG 2026-07-31 22:13:22 decoding.py:112 from_dict for <class 'lerobot.motors.motors_bus.MotorCalibration'>
DEBUG 2026-07-31 22:13:22 decoding.py:132 Decode name = id, type = <class 'int'>
DEBUG 2026-07-31 22:13:22 decoding.py:132 Decode name = drive_mode, type = <class 'int'>
DEBUG 2026-07-31 22:13:22 decoding.py:132 Decode name = homing_offset, type = <class 'int'>
DEBUG 2026-07-31 22:13:22 decoding.py:132 Decode name = range_min, type = <class 'int'>
DEBUG 2026-07-31 22:13:22 decoding.py:132 Decode name = range_max, type = <class 'int'>
DEBUG 2026-07-31 22:13:22 decoding.py:112 from_dict for <class 'lerobot.motors.motors_bus.MotorCalibration'>
DEBUG 2026-07-31 22:13:22 decoding.py:132 Decode name = id, type = <class 'int'>
DEBUG 2026-07-31 22:13:22 decoding.py:132 Decode name = drive_mode, type = <class 'int'>
DEBUG 2026-07-31 22:13:22 decoding.py:132 Decode name = homing_offset, type = <class 'int'>
DEBUG 2026-07-31 22:13:22 decoding.py:132 Decode name = range_min, type = <class 'int'>
DEBUG 2026-07-31 22:13:22 decoding.py:132 Decode name = range_max, type = <class 'int'>
DEBUG 2026-07-31 22:13:22 decoding.py:112 from_dict for <class 'lerobot.motors.motors_bus.MotorCalibration'>
DEBUG 2026-07-31 22:13:22 decoding.py:132 Decode name = id, type = <class 'int'>
DEBUG 2026-07-31 22:13:22 decoding.py:132 Decode name = drive_mode, type = <class 'int'>
DEBUG 2026-07-31 22:13:22 decoding.py:132 Decode name = homing_offset, type = <class 'int'>
DEBUG 2026-07-31 22:13:22 decoding.py:132 Decode name = range_min, type = <class 'int'>
DEBUG 2026-07-31 22:13:22 decoding.py:132 Decode name = range_max, type = <class 'int'>
DEBUG 2026-07-31 22:13:22 decoding.py:112 from_dict for <class 'lerobot.motors.motors_bus.MotorCalibration'>
DEBUG 2026-07-31 22:13:22 decoding.py:132 Decode name = id, type = <class 'int'>
DEBUG 2026-07-31 22:13:22 decoding.py:132 Decode name = drive_mode, type = <class 'int'>
DEBUG 2026-07-31 22:13:22 decoding.py:132 Decode name = homing_offset, type = <class 'int'>
DEBUG 2026-07-31 22:13:22 decoding.py:132 Decode name = range_min, type = <class 'int'>
DEBUG 2026-07-31 22:13:22 decoding.py:132 Decode name = range_max, type = <class 'int'>
DEBUG 2026-07-31 22:13:22 ort_utils.py:65 Detected feetech-servo-sdk version: 1.0.0
DEBUG 2026-07-31 22:13:22 ort_utils.py:65 Detected pyserial version: 3.5
DEBUG 2026-07-31 22:13:22 ort_utils.py:65 Detected deepdiff version: 8.6.2
DEBUG 2026-07-31 22:13:22 tors_bus.py:527 FeetechMotorsBus connected.
INFO 2026-07-31 22:13:24 a_opencv.py:179 OpenCVCamera(/dev/video6) connected.
INFO 2026-07-31 22:13:25 a_opencv.py:179 OpenCVCamera(/dev/video4) connected.
INFO 2026-07-31 22:13:25 follower.py:109 follower0 SOFollower connected.
INFO 2026-07-31 22:13:25 t_client.py:114 Initializing client to connect to server at localhost:8080
INFO 2026-07-31 22:13:25 t_client.py:133 Robot connected and ready
DEBUG 2026-07-31 22:13:26 t_client.py:150 Connected to policy server in 0.7267s
INFO 2026-07-31 22:13:26 t_client.py:156 Sending policy instructions to policy server
DEBUG 2026-07-31 22:13:26 t_client.py:157 Policy type: pi05 | Pretrained name or path: /home/ubuntu/flow-matching/outputs/train/pi05_ft_rig_v2/checkpoints/000500/pretrained_model | Device: cuda
INFO 2026-07-31 22:14:56 t_client.py:495 Starting action receiver thread...
INFO 2026-07-31 22:14:56 t_client.py:462 Control loop thread starting
INFO 2026-07-31 22:14:56 t_client.py:273 Action receiving thread starting
DEBUG 2026-07-31 22:14:56 follower.py:188 follower0 SOFollower read state: 2.3ms
DEBUG 2026-07-31 22:14:56 follower.py:196 follower0 SOFollower read base_0_rgb: 0.0ms
DEBUG 2026-07-31 22:14:56 follower.py:196 follower0 SOFollower read left_wrist_0_rgb: 0.0ms
DEBUG 2026-07-31 22:14:56 t_client.py:198 Observation serialization time: 0.002016s
DEBUG 2026-07-31 22:14:56 ort/utils.py:54 [CLIENT] Observation Buffer size 1.758378028869629 MB with
DEBUG 2026-07-31 22:14:56 ort/utils.py:69 [CLIENT] Observation Sent 1843793/1843793 bytes with state 3
DEBUG 2026-07-31 22:14:56 ort/utils.py:71 [CLIENT] Observation Published 1.758378028869629 MB
DEBUG 2026-07-31 22:15:01 t_client.py:209 Sent observation #0 | 
DEBUG 2026-07-31 22:15:01 t_client.py:434 QUEUE SIZE: 0 (Must go: True)
DEBUG 2026-07-31 22:15:01 t_client.py:477 Control loop (ms): 4598.04
DEBUG 2026-07-31 22:15:01 follower.py:188 follower0 SOFollower read state: 1.8ms
DEBUG 2026-07-31 22:15:01 follower.py:196 follower0 SOFollower read base_0_rgb: 0.0ms
DEBUG 2026-07-31 22:15:01 follower.py:196 follower0 SOFollower read left_wrist_0_rgb: 0.0ms
DEBUG 2026-07-31 22:15:01 t_client.py:198 Observation serialization time: 0.000854s
DEBUG 2026-07-31 22:15:01 ort/utils.py:54 [CLIENT] Observation Buffer size 1.758378028869629 MB with
DEBUG 2026-07-31 22:15:01 ort/utils.py:69 [CLIENT] Observation Sent 1843793/1843793 bytes with state 3
DEBUG 2026-07-31 22:15:01 ort/utils.py:71 [CLIENT] Observation Published 1.758378028869629 MB
DEBUG 2026-07-31 22:15:01 t_client.py:292 Received actions on device: cpu
DEBUG 2026-07-31 22:15:01 t_client.py:302 Actions kept on device: cpu
DEBUG 2026-07-31 22:15:05 t_client.py:209 Sent observation #0 | 
DEBUG 2026-07-31 22:15:05 t_client.py:434 QUEUE SIZE: 0 (Must go: False)
DEBUG 2026-07-31 22:15:05 t_client.py:477 Control loop (ms): 4252.74
DEBUG 2026-07-31 22:15:05 t_client.py:477 Control loop (ms): 2.89
DEBUG 2026-07-31 22:15:05 t_client.py:477 Control loop (ms): 2.11
DEBUG 2026-07-31 22:15:05 t_client.py:477 Control loop (ms): 2.04
DEBUG 2026-07-31 22:15:05 t_client.py:477 Control loop (ms): 1.91
DEBUG 2026-07-31 22:15:05 t_client.py:477 Control loop (ms): 1.90
DEBUG 2026-07-31 22:15:05 t_client.py:477 Control loop (ms): 1.83
DEBUG 2026-07-31 22:15:05 t_client.py:477 Control loop (ms): 1.83
DEBUG 2026-07-31 22:15:05 t_client.py:477 Control loop (ms): 1.70
DEBUG 2026-07-31 22:15:05 t_client.py:477 Control loop (ms): 1.80
DEBUG 2026-07-31 22:15:05 t_client.py:477 Control loop (ms): 1.75
DEBUG 2026-07-31 22:15:05 t_client.py:477 Control loop (ms): 1.85
DEBUG 2026-07-31 22:15:05 t_client.py:477 Control loop (ms): 1.68
DEBUG 2026-07-31 22:15:05 t_client.py:477 Control loop (ms): 1.91
DEBUG 2026-07-31 22:15:05 t_client.py:477 Control loop (ms): 1.84
DEBUG 2026-07-31 22:15:05 t_client.py:477 Control loop (ms): 1.77
DEBUG 2026-07-31 22:15:05 t_client.py:477 Control loop (ms): 1.97
DEBUG 2026-07-31 22:15:06 t_client.py:477 Control loop (ms): 2.01
DEBUG 2026-07-31 22:15:06 t_client.py:477 Control loop (ms): 2.01
DEBUG 2026-07-31 22:15:06 t_client.py:477 Control loop (ms): 1.72
DEBUG 2026-07-31 22:15:06 t_client.py:477 Control loop (ms): 1.83
DEBUG 2026-07-31 22:15:06 t_client.py:477 Control loop (ms): 2.20
DEBUG 2026-07-31 22:15:06 t_client.py:477 Control loop (ms): 1.88
DEBUG 2026-07-31 22:15:06 t_client.py:477 Control loop (ms): 1.62
DEBUG 2026-07-31 22:15:06 t_client.py:477 Control loop (ms): 1.95
DEBUG 2026-07-31 22:15:06 follower.py:188 follower0 SOFollower read state: 1.5ms
DEBUG 2026-07-31 22:15:06 follower.py:196 follower0 SOFollower read base_0_rgb: 0.0ms
DEBUG 2026-07-31 22:15:06 follower.py:196 follower0 SOFollower read left_wrist_0_rgb: 0.0ms
DEBUG 2026-07-31 22:15:06 t_client.py:198 Observation serialization time: 0.000593s
DEBUG 2026-07-31 22:15:06 ort/utils.py:54 [CLIENT] Observation Buffer size 1.758378028869629 MB with
DEBUG 2026-07-31 22:15:06 ort/utils.py:69 [CLIENT] Observation Sent 1843793/1843793 bytes with state 3
DEBUG 2026-07-31 22:15:06 ort/utils.py:71 [CLIENT] Observation Published 1.758378028869629 MB
DEBUG 2026-07-31 22:15:10 t_client.py:209 Sent observation #24 | 
DEBUG 2026-07-31 22:15:10 t_client.py:434 QUEUE SIZE: 25 (Must go: False)
DEBUG 2026-07-31 22:15:10 t_client.py:477 Control loop (ms): 4468.87
DEBUG 2026-07-31 22:15:10 follower.py:188 follower0 SOFollower read state: 1.6ms
DEBUG 2026-07-31 22:15:10 follower.py:196 follower0 SOFollower read base_0_rgb: 0.0ms
DEBUG 2026-07-31 22:15:10 follower.py:196 follower0 SOFollower read left_wrist_0_rgb: 0.0ms
DEBUG 2026-07-31 22:15:10 t_client.py:198 Observation serialization time: 0.000580s
DEBUG 2026-07-31 22:15:10 ort/utils.py:54 [CLIENT] Observation Buffer size 1.758378028869629 MB with
DEBUG 2026-07-31 22:15:10 ort/utils.py:69 [CLIENT] Observation Sent 1843793/1843793 bytes with state 3
DEBUG 2026-07-31 22:15:10 ort/utils.py:71 [CLIENT] Observation Published 1.758378028869629 MB
DEBUG 2026-07-31 22:15:11 t_client.py:292 Received actions on device: cpu
DEBUG 2026-07-31 22:15:11 t_client.py:302 Actions kept on device: cpu
DEBUG 2026-07-31 22:15:14 t_client.py:209 Sent observation #25 | 
DEBUG 2026-07-31 22:15:14 t_client.py:434 QUEUE SIZE: 24 (Must go: False)
DEBUG 2026-07-31 22:15:14 t_client.py:477 Control loop (ms): 4198.35
DEBUG 2026-07-31 22:15:14 t_client.py:477 Control loop (ms): 2.24
DEBUG 2026-07-31 22:15:14 t_client.py:477 Control loop (ms): 2.24
DEBUG 2026-07-31 22:15:15 t_client.py:477 Control loop (ms): 2.37
DEBUG 2026-07-31 22:15:15 t_client.py:477 Control loop (ms): 2.37
DEBUG 2026-07-31 22:15:15 t_client.py:477 Control loop (ms): 1.85
DEBUG 2026-07-31 22:15:15 t_client.py:477 Control loop (ms): 1.71
DEBUG 2026-07-31 22:15:15 t_client.py:477 Control loop (ms): 1.91
DEBUG 2026-07-31 22:15:15 t_client.py:477 Control loop (ms): 2.05
DEBUG 2026-07-31 22:15:15 t_client.py:477 Control loop (ms): 2.05
DEBUG 2026-07-31 22:15:15 t_client.py:477 Control loop (ms): 1.88
DEBUG 2026-07-31 22:15:15 t_client.py:477 Control loop (ms): 1.98
DEBUG 2026-07-31 22:15:15 t_client.py:477 Control loop (ms): 2.00
DEBUG 2026-07-31 22:15:15 t_client.py:477 Control loop (ms): 1.86
DEBUG 2026-07-31 22:15:15 t_client.py:477 Control loop (ms): 1.83
DEBUG 2026-07-31 22:15:15 t_client.py:477 Control loop (ms): 2.08
DEBUG 2026-07-31 22:15:15 t_client.py:477 Control loop (ms): 1.79
DEBUG 2026-07-31 22:15:15 t_client.py:477 Control loop (ms): 1.88
DEBUG 2026-07-31 22:15:15 t_client.py:477 Control loop (ms): 1.84
DEBUG 2026-07-31 22:15:15 t_client.py:477 Control loop (ms): 1.91
DEBUG 2026-07-31 22:15:15 t_client.py:477 Control loop (ms): 2.19
DEBUG 2026-07-31 22:15:15 t_client.py:477 Control loop (ms): 1.87
DEBUG 2026-07-31 22:15:15 t_client.py:477 Control loop (ms): 2.02
DEBUG 2026-07-31 22:15:15 follower.py:188 follower0 SOFollower read state: 1.5ms
DEBUG 2026-07-31 22:15:15 follower.py:196 follower0 SOFollower read base_0_rgb: 0.0ms
DEBUG 2026-07-31 22:15:15 follower.py:196 follower0 SOFollower read left_wrist_0_rgb: 0.0ms
DEBUG 2026-07-31 22:15:15 t_client.py:198 Observation serialization time: 0.000454s
DEBUG 2026-07-31 22:15:15 ort/utils.py:54 [CLIENT] Observation Buffer size 1.758378028869629 MB with
DEBUG 2026-07-31 22:15:15 ort/utils.py:69 [CLIENT] Observation Sent 1843793/1843793 bytes with state 3
DEBUG 2026-07-31 22:15:15 ort/utils.py:71 [CLIENT] Observation Published 1.758378028869629 MB
DEBUG 2026-07-31 22:15:19 t_client.py:209 Sent observation #48 | 
DEBUG 2026-07-31 22:15:19 t_client.py:434 QUEUE SIZE: 25 (Must go: False)
DEBUG 2026-07-31 22:15:19 t_client.py:477 Control loop (ms): 4180.92
DEBUG 2026-07-31 22:15:19 follower.py:188 follower0 SOFollower read state: 1.7ms
DEBUG 2026-07-31 22:15:19 follower.py:196 follower0 SOFollower read base_0_rgb: 0.0ms
DEBUG 2026-07-31 22:15:19 follower.py:196 follower0 SOFollower read left_wrist_0_rgb: 0.0ms
DEBUG 2026-07-31 22:15:19 t_client.py:198 Observation serialization time: 0.000563s
DEBUG 2026-07-31 22:15:19 ort/utils.py:54 [CLIENT] Observation Buffer size 1.758378028869629 MB with
DEBUG 2026-07-31 22:15:19 ort/utils.py:69 [CLIENT] Observation Sent 1843793/1843793 bytes with state 3
DEBUG 2026-07-31 22:15:19 ort/utils.py:71 [CLIENT] Observation Published 1.758378028869629 MB
DEBUG 2026-07-31 22:15:20 t_client.py:292 Received actions on device: cpu
DEBUG 2026-07-31 22:15:20 t_client.py:302 Actions kept on device: cpu
DEBUG 2026-07-31 22:15:24 t_client.py:209 Sent observation #49 | 
DEBUG 2026-07-31 22:15:24 t_client.py:434 QUEUE SIZE: 24 (Must go: False)
DEBUG 2026-07-31 22:15:24 t_client.py:477 Control loop (ms): 4198.91
DEBUG 2026-07-31 22:15:24 t_client.py:477 Control loop (ms): 2.14
DEBUG 2026-07-31 22:15:24 t_client.py:477 Control loop (ms): 2.76
DEBUG 2026-07-31 22:15:24 t_client.py:477 Control loop (ms): 2.45
DEBUG 2026-07-31 22:15:24 t_client.py:477 Control loop (ms): 2.43
DEBUG 2026-07-31 22:15:24 t_client.py:477 Control loop (ms): 1.93
DEBUG 2026-07-31 22:15:24 t_client.py:477 Control loop (ms): 1.98
DEBUG 2026-07-31 22:15:24 t_client.py:477 Control loop (ms): 1.76
DEBUG 2026-07-31 22:15:24 t_client.py:477 Control loop (ms): 1.83
DEBUG 2026-07-31 22:15:24 t_client.py:477 Control loop (ms): 1.83
DEBUG 2026-07-31 22:15:24 t_client.py:477 Control loop (ms): 1.74
DEBUG 2026-07-31 22:15:24 t_client.py:292 Received actions on device: cpu
DEBUG 2026-07-31 22:15:24 t_client.py:302 Actions kept on device: cpu
DEBUG 2026-07-31 22:15:24 t_client.py:477 Control loop (ms): 1.85
DEBUG 2026-07-31 22:15:24 t_client.py:477 Control loop (ms): 1.94
DEBUG 2026-07-31 22:15:24 t_client.py:477 Control loop (ms): 1.63
DEBUG 2026-07-31 22:15:24 t_client.py:477 Control loop (ms): 1.86
DEBUG 2026-07-31 22:15:24 t_client.py:477 Control loop (ms): 1.84
DEBUG 2026-07-31 22:15:24 t_client.py:477 Control loop (ms): 1.89
DEBUG 2026-07-31 22:15:24 t_client.py:477 Control loop (ms): 2.15
DEBUG 2026-07-31 22:15:24 t_client.py:477 Control loop (ms): 2.01
DEBUG 2026-07-31 22:15:24 t_client.py:477 Control loop (ms): 1.72
DEBUG 2026-07-31 22:15:24 t_client.py:477 Control loop (ms): 2.03
DEBUG 2026-07-31 22:15:24 t_client.py:477 Control loop (ms): 2.32
DEBUG 2026-07-31 22:15:24 t_client.py:477 Control loop (ms): 2.10
DEBUG 2026-07-31 22:15:24 t_client.py:477 Control loop (ms): 2.12
DEBUG 2026-07-31 22:15:24 follower.py:188 follower0 SOFollower read state: 1.5ms
DEBUG 2026-07-31 22:15:24 follower.py:196 follower0 SOFollower read base_0_rgb: 0.0ms
DEBUG 2026-07-31 22:15:24 follower.py:196 follower0 SOFollower read left_wrist_0_rgb: 0.0ms
DEBUG 2026-07-31 22:15:24 t_client.py:198 Observation serialization time: 0.000530s
DEBUG 2026-07-31 22:15:24 ort/utils.py:54 [CLIENT] Observation Buffer size 1.758378028869629 MB with
DEBUG 2026-07-31 22:15:24 ort/utils.py:69 [CLIENT] Observation Sent 1843793/1843793 bytes with state 3
DEBUG 2026-07-31 22:15:24 ort/utils.py:71 [CLIENT] Observation Published 1.758378028869629 MB
DEBUG 2026-07-31 22:15:30 t_client.py:209 Sent observation #73 | 
DEBUG 2026-07-31 22:15:30 t_client.py:434 QUEUE SIZE: 25 (Must go: False)
DEBUG 2026-07-31 22:15:30 t_client.py:477 Control loop (ms): 5884.92
DEBUG 2026-07-31 22:15:30 follower.py:188 follower0 SOFollower read state: 1.7ms
DEBUG 2026-07-31 22:15:30 follower.py:196 follower0 SOFollower read base_0_rgb: 0.0ms
DEBUG 2026-07-31 22:15:30 follower.py:196 follower0 SOFollower read left_wrist_0_rgb: 0.0ms
DEBUG 2026-07-31 22:15:30 t_client.py:198 Observation serialization time: 0.000499s
DEBUG 2026-07-31 22:15:30 ort/utils.py:54 [CLIENT] Observation Buffer size 1.758378028869629 MB with
DEBUG 2026-07-31 22:15:30 ort/utils.py:69 [CLIENT] Observation Sent 1843793/1843793 bytes with state 3
DEBUG 2026-07-31 22:15:30 ort/utils.py:71 [CLIENT] Observation Published 1.758378028869629 MB
DEBUG 2026-07-31 22:15:31 t_client.py:292 Received actions on device: cpu
DEBUG 2026-07-31 22:15:31 t_client.py:302 Actions kept on device: cpu
DEBUG 2026-07-31 22:15:35 t_client.py:209 Sent observation #74 | 
DEBUG 2026-07-31 22:15:35 t_client.py:434 QUEUE SIZE: 24 (Must go: False)
DEBUG 2026-07-31 22:15:35 t_client.py:477 Control loop (ms): 4608.52
DEBUG 2026-07-31 22:15:35 t_client.py:477 Control loop (ms): 2.61
DEBUG 2026-07-31 22:15:35 t_client.py:477 Control loop (ms): 2.40
DEBUG 2026-07-31 22:15:35 t_client.py:477 Control loop (ms): 2.59
DEBUG 2026-07-31 22:15:35 t_client.py:477 Control loop (ms): 2.27
DEBUG 2026-07-31 22:15:35 t_client.py:477 Control loop (ms): 1.76
DEBUG 2026-07-31 22:15:35 t_client.py:477 Control loop (ms): 2.41
DEBUG 2026-07-31 22:15:35 t_client.py:292 Received actions on device: cpu
DEBUG 2026-07-31 22:15:35 t_client.py:302 Actions kept on device: cpu
DEBUG 2026-07-31 22:15:35 t_client.py:477 Control loop (ms): 1.69
DEBUG 2026-07-31 22:15:35 t_client.py:477 Control loop (ms): 1.78
DEBUG 2026-07-31 22:15:35 t_client.py:477 Control loop (ms): 1.71
DEBUG 2026-07-31 22:15:35 t_client.py:477 Control loop (ms): 1.85
DEBUG 2026-07-31 22:15:35 t_client.py:477 Control loop (ms): 1.73
DEBUG 2026-07-31 22:15:35 t_client.py:477 Control loop (ms): 1.65
DEBUG 2026-07-31 22:15:35 t_client.py:477 Control loop (ms): 1.73
DEBUG 2026-07-31 22:15:35 t_client.py:477 Control loop (ms): 2.19
DEBUG 2026-07-31 22:15:35 t_client.py:477 Control loop (ms): 1.85
DEBUG 2026-07-31 22:15:35 t_client.py:477 Control loop (ms): 1.80
DEBUG 2026-07-31 22:15:35 t_client.py:477 Control loop (ms): 1.88
DEBUG 2026-07-31 22:15:35 t_client.py:477 Control loop (ms): 2.14
DEBUG 2026-07-31 22:15:35 t_client.py:477 Control loop (ms): 1.94
DEBUG 2026-07-31 22:15:35 t_client.py:477 Control loop (ms): 1.77
DEBUG 2026-07-31 22:15:35 t_client.py:477 Control loop (ms): 2.14
DEBUG 2026-07-31 22:15:36 t_client.py:477 Control loop (ms): 1.79
DEBUG 2026-07-31 22:15:36 t_client.py:477 Control loop (ms): 1.70
DEBUG 2026-07-31 22:15:36 follower.py:188 follower0 SOFollower read state: 1.4ms
DEBUG 2026-07-31 22:15:36 follower.py:196 follower0 SOFollower read base_0_rgb: 0.0ms
DEBUG 2026-07-31 22:15:36 follower.py:196 follower0 SOFollower read left_wrist_0_rgb: 0.0ms
DEBUG 2026-07-31 22:15:36 t_client.py:198 Observation serialization time: 0.000446s
DEBUG 2026-07-31 22:15:36 ort/utils.py:54 [CLIENT] Observation Buffer size 1.758378028869629 MB with
DEBUG 2026-07-31 22:15:36 ort/utils.py:69 [CLIENT] Observation Sent 1843793/1843793 bytes with state 3
DEBUG 2026-07-31 22:15:36 ort/utils.py:71 [CLIENT] Observation Published 1.758378028869629 MB
DEBUG 2026-07-31 22:15:41 t_client.py:209 Sent observation #98 | 
DEBUG 2026-07-31 22:15:41 t_client.py:434 QUEUE SIZE: 25 (Must go: False)
DEBUG 2026-07-31 22:15:41 t_client.py:477 Control loop (ms): 5539.94
DEBUG 2026-07-31 22:15:41 follower.py:188 follower0 SOFollower read state: 1.5ms
DEBUG 2026-07-31 22:15:41 follower.py:196 follower0 SOFollower read base_0_rgb: 0.0ms
DEBUG 2026-07-31 22:15:41 follower.py:196 follower0 SOFollower read left_wrist_0_rgb: 0.0ms
DEBUG 2026-07-31 22:15:41 t_client.py:198 Observation serialization time: 0.000462s
DEBUG 2026-07-31 22:15:41 ort/utils.py:54 [CLIENT] Observation Buffer size 1.758378028869629 MB with
DEBUG 2026-07-31 22:15:41 ort/utils.py:69 [CLIENT] Observation Sent 1843793/1843793 bytes with state 3
DEBUG 2026-07-31 22:15:41 ort/utils.py:71 [CLIENT] Observation Published 1.758378028869629 MB
DEBUG 2026-07-31 22:15:41 t_client.py:292 Received actions on device: cpu
DEBUG 2026-07-31 22:15:41 t_client.py:302 Actions kept on device: cpu
DEBUG 2026-07-31 22:15:48 t_client.py:209 Sent observation #99 | 
DEBUG 2026-07-31 22:15:48 t_client.py:434 QUEUE SIZE: 24 (Must go: False)
DEBUG 2026-07-31 22:15:48 t_client.py:477 Control loop (ms): 7105.75
DEBUG 2026-07-31 22:15:48 t_client.py:477 Control loop (ms): 1.95
DEBUG 2026-07-31 22:15:48 t_client.py:477 Control loop (ms): 2.00
DEBUG 2026-07-31 22:15:48 t_client.py:477 Control loop (ms): 1.95
DEBUG 2026-07-31 22:15:48 t_client.py:477 Control loop (ms): 1.93
DEBUG 2026-07-31 22:15:48 t_client.py:477 Control loop (ms): 1.78
DEBUG 2026-07-31 22:15:48 t_client.py:477 Control loop (ms): 2.09
DEBUG 2026-07-31 22:15:48 t_client.py:477 Control loop (ms): 1.99
DEBUG 2026-07-31 22:15:48 t_client.py:477 Control loop (ms): 2.08
DEBUG 2026-07-31 22:15:49 t_client.py:477 Control loop (ms): 2.02
DEBUG 2026-07-31 22:15:49 t_client.py:477 Control loop (ms): 2.06
DEBUG 2026-07-31 22:15:49 t_client.py:477 Control loop (ms): 2.07
DEBUG 2026-07-31 22:15:49 t_client.py:477 Control loop (ms): 1.83
DEBUG 2026-07-31 22:15:49 t_client.py:477 Control loop (ms): 1.93
DEBUG 2026-07-31 22:15:49 t_client.py:477 Control loop (ms): 1.96
DEBUG 2026-07-31 22:15:49 t_client.py:477 Control loop (ms): 1.89
DEBUG 2026-07-31 22:15:49 t_client.py:477 Control loop (ms): 1.96
DEBUG 2026-07-31 22:15:49 t_client.py:477 Control loop (ms): 2.65
DEBUG 2026-07-31 22:15:49 t_client.py:292 Received actions on device: cpu
DEBUG 2026-07-31 22:15:49 t_client.py:302 Actions kept on device: cpu
DEBUG 2026-07-31 22:15:49 t_client.py:477 Control loop (ms): 1.86
DEBUG 2026-07-31 22:15:49 t_client.py:477 Control loop (ms): 1.77
DEBUG 2026-07-31 22:15:49 t_client.py:477 Control loop (ms): 1.74
DEBUG 2026-07-31 22:15:49 t_client.py:477 Control loop (ms): 2.16
DEBUG 2026-07-31 22:15:49 t_client.py:477 Control loop (ms): 2.08
DEBUG 2026-07-31 22:15:49 t_client.py:477 Control loop (ms): 1.83
DEBUG 2026-07-31 22:15:49 follower.py:188 follower0 SOFollower read state: 1.6ms
DEBUG 2026-07-31 22:15:49 follower.py:196 follower0 SOFollower read base_0_rgb: 0.0ms
DEBUG 2026-07-31 22:15:49 follower.py:196 follower0 SOFollower read left_wrist_0_rgb: 0.0ms
DEBUG 2026-07-31 22:15:49 t_client.py:198 Observation serialization time: 0.000500s
DEBUG 2026-07-31 22:15:49 ort/utils.py:54 [CLIENT] Observation Buffer size 1.758378028869629 MB with
DEBUG 2026-07-31 22:15:49 ort/utils.py:69 [CLIENT] Observation Sent 1843793/1843793 bytes with state 3
DEBUG 2026-07-31 22:15:49 ort/utils.py:71 [CLIENT] Observation Published 1.758378028869629 MB
DEBUG 2026-07-31 22:15:58 t_client.py:209 Sent observation #123 | 
DEBUG 2026-07-31 22:15:58 t_client.py:434 QUEUE SIZE: 25 (Must go: False)
DEBUG 2026-07-31 22:15:58 t_client.py:477 Control loop (ms): 8856.20
DEBUG 2026-07-31 22:15:58 follower.py:188 follower0 SOFollower read state: 1.7ms
DEBUG 2026-07-31 22:15:58 follower.py:196 follower0 SOFollower read base_0_rgb: 0.0ms
DEBUG 2026-07-31 22:15:58 follower.py:196 follower0 SOFollower read left_wrist_0_rgb: 0.0ms
DEBUG 2026-07-31 22:15:58 t_client.py:198 Observation serialization time: 0.000562s
DEBUG 2026-07-31 22:15:58 ort/utils.py:54 [CLIENT] Observation Buffer size 1.758378028869629 MB with
DEBUG 2026-07-31 22:15:58 ort/utils.py:69 [CLIENT] Observation Sent 1843793/1843793 bytes with state 3
DEBUG 2026-07-31 22:15:58 ort/utils.py:71 [CLIENT] Observation Published 1.758378028869629 MB
DEBUG 2026-07-31 22:15:58 t_client.py:292 Received actions on device: cpu
DEBUG 2026-07-31 22:15:58 t_client.py:302 Actions kept on device: cpu
DEBUG 2026-07-31 22:16:04 t_client.py:209 Sent observation #124 | 
DEBUG 2026-07-31 22:16:04 t_client.py:434 QUEUE SIZE: 24 (Must go: False)
DEBUG 2026-07-31 22:16:04 t_client.py:477 Control loop (ms): 6358.74
DEBUG 2026-07-31 22:16:04 t_client.py:477 Control loop (ms): 2.17
DEBUG 2026-07-31 22:16:04 t_client.py:477 Control loop (ms): 2.00
DEBUG 2026-07-31 22:16:04 t_client.py:477 Control loop (ms): 2.10
DEBUG 2026-07-31 22:16:04 t_client.py:477 Control loop (ms): 2.02
DEBUG 2026-07-31 22:16:04 t_client.py:477 Control loop (ms): 1.95
DEBUG 2026-07-31 22:16:04 t_client.py:477 Control loop (ms): 2.19
DEBUG 2026-07-31 22:16:04 t_client.py:477 Control loop (ms): 2.07
DEBUG 2026-07-31 22:16:04 t_client.py:477 Control loop (ms): 1.76
DEBUG 2026-07-31 22:16:04 t_client.py:477 Control loop (ms): 1.96
DEBUG 2026-07-31 22:16:05 t_client.py:477 Control loop (ms): 2.08
DEBUG 2026-07-31 22:16:05 t_client.py:477 Control loop (ms): 2.11
DEBUG 2026-07-31 22:16:05 t_client.py:477 Control loop (ms): 1.84
DEBUG 2026-07-31 22:16:05 t_client.py:477 Control loop (ms): 2.22
DEBUG 2026-07-31 22:16:05 t_client.py:477 Control loop (ms): 2.01
DEBUG 2026-07-31 22:16:05 t_client.py:477 Control loop (ms): 1.92
DEBUG 2026-07-31 22:16:05 t_client.py:477 Control loop (ms): 2.03
DEBUG 2026-07-31 22:16:05 t_client.py:477 Control loop (ms): 1.84
DEBUG 2026-07-31 22:16:05 t_client.py:477 Control loop (ms): 1.96
DEBUG 2026-07-31 22:16:05 t_client.py:477 Control loop (ms): 1.87
DEBUG 2026-07-31 22:16:05 t_client.py:477 Control loop (ms): 1.91
DEBUG 2026-07-31 22:16:05 t_client.py:477 Control loop (ms): 1.79
DEBUG 2026-07-31 22:16:05 t_client.py:477 Control loop (ms): 1.77
DEBUG 2026-07-31 22:16:05 follower.py:188 follower0 SOFollower read state: 1.7ms
DEBUG 2026-07-31 22:16:05 follower.py:196 follower0 SOFollower read base_0_rgb: 0.0ms
DEBUG 2026-07-31 22:16:05 follower.py:196 follower0 SOFollower read left_wrist_0_rgb: 0.0ms
DEBUG 2026-07-31 22:16:05 t_client.py:198 Observation serialization time: 0.000477s
DEBUG 2026-07-31 22:16:05 ort/utils.py:54 [CLIENT] Observation Buffer size 1.758378028869629 MB with
DEBUG 2026-07-31 22:16:05 ort/utils.py:69 [CLIENT] Observation Sent 1843793/1843793 bytes with state 3
DEBUG 2026-07-31 22:16:05 ort/utils.py:71 [CLIENT] Observation Published 1.758378028869629 MB
DEBUG 2026-07-31 22:16:05 t_client.py:292 Received actions on device: cpu
DEBUG 2026-07-31 22:16:05 t_client.py:302 Actions kept on device: cpu
DEBUG 2026-07-31 22:16:11 t_client.py:209 Sent observation #147 | 
DEBUG 2026-07-31 22:16:11 t_client.py:434 QUEUE SIZE: 25 (Must go: False)
DEBUG 2026-07-31 22:16:11 t_client.py:477 Control loop (ms): 5644.63
DEBUG 2026-07-31 22:16:11 follower.py:188 follower0 SOFollower read state: 1.8ms
DEBUG 2026-07-31 22:16:11 follower.py:196 follower0 SOFollower read base_0_rgb: 0.0ms
DEBUG 2026-07-31 22:16:11 follower.py:196 follower0 SOFollower read left_wrist_0_rgb: 0.0ms
DEBUG 2026-07-31 22:16:11 t_client.py:198 Observation serialization time: 0.000523s
DEBUG 2026-07-31 22:16:11 ort/utils.py:54 [CLIENT] Observation Buffer size 1.758378028869629 MB with
DEBUG 2026-07-31 22:16:11 ort/utils.py:69 [CLIENT] Observation Sent 1843793/1843793 bytes with state 3
DEBUG 2026-07-31 22:16:11 ort/utils.py:71 [CLIENT] Observation Published 1.758378028869629 MB
DEBUG 2026-07-31 22:16:12 t_client.py:292 Received actions on device: cpu
DEBUG 2026-07-31 22:16:12 t_client.py:302 Actions kept on device: cpu
DEBUG 2026-07-31 22:16:15 t_client.py:209 Sent observation #148 | 
DEBUG 2026-07-31 22:16:15 t_client.py:434 QUEUE SIZE: 25 (Must go: False)
DEBUG 2026-07-31 22:16:15 t_client.py:477 Control loop (ms): 4519.92
DEBUG 2026-07-31 22:16:15 t_client.py:477 Control loop (ms): 2.24
DEBUG 2026-07-31 22:16:15 t_client.py:477 Control loop (ms): 2.06
DEBUG 2026-07-31 22:16:15 t_client.py:477 Control loop (ms): 2.33
DEBUG 2026-07-31 22:16:15 t_client.py:477 Control loop (ms): 1.95
DEBUG 2026-07-31 22:16:15 t_client.py:477 Control loop (ms): 1.89
DEBUG 2026-07-31 22:16:15 t_client.py:477 Control loop (ms): 2.00
DEBUG 2026-07-31 22:16:15 t_client.py:477 Control loop (ms): 2.04
DEBUG 2026-07-31 22:16:15 t_client.py:477 Control loop (ms): 2.00
DEBUG 2026-07-31 22:16:15 t_client.py:477 Control loop (ms): 2.24
DEBUG 2026-07-31 22:16:15 t_client.py:477 Control loop (ms): 1.87
DEBUG 2026-07-31 22:16:15 t_client.py:477 Control loop (ms): 1.88
DEBUG 2026-07-31 22:16:15 t_client.py:477 Control loop (ms): 2.06
DEBUG 2026-07-31 22:16:16 t_client.py:477 Control loop (ms): 1.85
DEBUG 2026-07-31 22:16:16 t_client.py:477 Control loop (ms): 1.76
DEBUG 2026-07-31 22:16:16 t_client.py:477 Control loop (ms): 1.88
DEBUG 2026-07-31 22:16:16 t_client.py:477 Control loop (ms): 1.85
DEBUG 2026-07-31 22:16:16 t_client.py:477 Control loop (ms): 1.97
DEBUG 2026-07-31 22:16:16 t_client.py:477 Control loop (ms): 1.75
DEBUG 2026-07-31 22:16:16 t_client.py:477 Control loop (ms): 1.83
DEBUG 2026-07-31 22:16:16 t_client.py:477 Control loop (ms): 1.84
DEBUG 2026-07-31 22:16:16 t_client.py:477 Control loop (ms): 1.74
DEBUG 2026-07-31 22:16:16 t_client.py:477 Control loop (ms): 2.01
DEBUG 2026-07-31 22:16:16 follower.py:188 follower0 SOFollower read state: 1.6ms
DEBUG 2026-07-31 22:16:16 follower.py:196 follower0 SOFollower read base_0_rgb: 0.0ms
DEBUG 2026-07-31 22:16:16 follower.py:196 follower0 SOFollower read left_wrist_0_rgb: 0.0ms
DEBUG 2026-07-31 22:16:16 t_client.py:198 Observation serialization time: 0.000617s
DEBUG 2026-07-31 22:16:16 ort/utils.py:54 [CLIENT] Observation Buffer size 1.758378028869629 MB with
DEBUG 2026-07-31 22:16:16 ort/utils.py:69 [CLIENT] Observation Sent 1843793/1843793 bytes with state 3
DEBUG 2026-07-31 22:16:16 ort/utils.py:71 [CLIENT] Observation Published 1.758378028869629 MB
DEBUG 2026-07-31 22:16:16 t_client.py:292 Received actions on device: cpu
DEBUG 2026-07-31 22:16:16 t_client.py:302 Actions kept on device: cpu
DEBUG 2026-07-31 22:16:22 t_client.py:209 Sent observation #171 | 
DEBUG 2026-07-31 22:16:22 t_client.py:434 QUEUE SIZE: 25 (Must go: False)
DEBUG 2026-07-31 22:16:22 t_client.py:477 Control loop (ms): 6480.15
DEBUG 2026-07-31 22:16:22 follower.py:188 follower0 SOFollower read state: 1.6ms
DEBUG 2026-07-31 22:16:22 follower.py:196 follower0 SOFollower read base_0_rgb: 0.0ms
DEBUG 2026-07-31 22:16:22 follower.py:196 follower0 SOFollower read left_wrist_0_rgb: 0.0ms
DEBUG 2026-07-31 22:16:22 t_client.py:198 Observation serialization time: 0.000557s
DEBUG 2026-07-31 22:16:22 ort/utils.py:54 [CLIENT] Observation Buffer size 1.758378028869629 MB with
DEBUG 2026-07-31 22:16:22 ort/utils.py:69 [CLIENT] Observation Sent 1843793/1843793 bytes with state 3
DEBUG 2026-07-31 22:16:22 ort/utils.py:71 [CLIENT] Observation Published 1.758378028869629 MB
DEBUG 2026-07-31 22:16:23 t_client.py:292 Received actions on device: cpu
DEBUG 2026-07-31 22:16:23 t_client.py:302 Actions kept on device: cpu
DEBUG 2026-07-31 22:16:27 t_client.py:209 Sent observation #172 | 
DEBUG 2026-07-31 22:16:27 t_client.py:434 QUEUE SIZE: 25 (Must go: False)
DEBUG 2026-07-31 22:16:27 t_client.py:477 Control loop (ms): 4505.93
DEBUG 2026-07-31 22:16:27 t_client.py:477 Control loop (ms): 2.32
DEBUG 2026-07-31 22:16:27 t_client.py:477 Control loop (ms): 2.56
DEBUG 2026-07-31 22:16:27 t_client.py:477 Control loop (ms): 2.65
DEBUG 2026-07-31 22:16:27 t_client.py:477 Control loop (ms): 2.41
DEBUG 2026-07-31 22:16:27 t_client.py:477 Control loop (ms): 1.98
DEBUG 2026-07-31 22:16:27 t_client.py:477 Control loop (ms): 2.23
DEBUG 2026-07-31 22:16:27 t_client.py:477 Control loop (ms): 2.05
DEBUG 2026-07-31 22:16:27 t_client.py:477 Control loop (ms): 1.89
DEBUG 2026-07-31 22:16:27 t_client.py:477 Control loop (ms): 2.00
DEBUG 2026-07-31 22:16:27 t_client.py:477 Control loop (ms): 1.80
DEBUG 2026-07-31 22:16:27 t_client.py:477 Control loop (ms): 1.80
DEBUG 2026-07-31 22:16:27 t_client.py:477 Control loop (ms): 1.93
DEBUG 2026-07-31 22:16:27 t_client.py:477 Control loop (ms): 1.60
DEBUG 2026-07-31 22:16:27 t_client.py:477 Control loop (ms): 2.07
DEBUG 2026-07-31 22:16:27 t_client.py:292 Received actions on device: cpu
DEBUG 2026-07-31 22:16:27 t_client.py:302 Actions kept on device: cpu
DEBUG 2026-07-31 22:16:27 t_client.py:477 Control loop (ms): 2.15
DEBUG 2026-07-31 22:16:27 t_client.py:477 Control loop (ms): 1.92
DEBUG 2026-07-31 22:16:27 t_client.py:477 Control loop (ms): 1.83
DEBUG 2026-07-31 22:16:27 t_client.py:477 Control loop (ms): 1.80
DEBUG 2026-07-31 22:16:27 t_client.py:477 Control loop (ms): 1.82
DEBUG 2026-07-31 22:16:27 t_client.py:477 Control loop (ms): 1.88
DEBUG 2026-07-31 22:16:28 t_client.py:477 Control loop (ms): 1.91
DEBUG 2026-07-31 22:16:28 t_client.py:477 Control loop (ms): 2.44
DEBUG 2026-07-31 22:16:28 t_client.py:477 Control loop (ms): 2.13
DEBUG 2026-07-31 22:16:28 follower.py:188 follower0 SOFollower read state: 1.5ms
DEBUG 2026-07-31 22:16:28 follower.py:196 follower0 SOFollower read base_0_rgb: 0.0ms
DEBUG 2026-07-31 22:16:28 follower.py:196 follower0 SOFollower read left_wrist_0_rgb: 0.0ms
DEBUG 2026-07-31 22:16:28 t_client.py:198 Observation serialization time: 0.000488s
DEBUG 2026-07-31 22:16:28 ort/utils.py:54 [CLIENT] Observation Buffer size 1.758378028869629 MB with
DEBUG 2026-07-31 22:16:28 ort/utils.py:69 [CLIENT] Observation Sent 1843793/1843793 bytes with state 3
DEBUG 2026-07-31 22:16:28 ort/utils.py:71 [CLIENT] Observation Published 1.758378028869629 MB
DEBUG 2026-07-31 22:16:32 t_client.py:209 Sent observation #196 | 
DEBUG 2026-07-31 22:16:32 t_client.py:434 QUEUE SIZE: 25 (Must go: False)
DEBUG 2026-07-31 22:16:32 t_client.py:477 Control loop (ms): 4177.92
DEBUG 2026-07-31 22:16:32 follower.py:188 follower0 SOFollower read state: 1.5ms
DEBUG 2026-07-31 22:16:32 follower.py:196 follower0 SOFollower read base_0_rgb: 0.0ms
DEBUG 2026-07-31 22:16:32 follower.py:196 follower0 SOFollower read left_wrist_0_rgb: 0.0ms
DEBUG 2026-07-31 22:16:32 t_client.py:198 Observation serialization time: 0.000493s
DEBUG 2026-07-31 22:16:32 ort/utils.py:54 [CLIENT] Observation Buffer size 1.758378028869629 MB with
DEBUG 2026-07-31 22:16:32 ort/utils.py:69 [CLIENT] Observation Sent 1843793/1843793 bytes with state 3
DEBUG 2026-07-31 22:16:32 ort/utils.py:71 [CLIENT] Observation Published 1.758378028869629 MB
DEBUG 2026-07-31 22:16:33 t_client.py:292 Received actions on device: cpu
DEBUG 2026-07-31 22:16:33 t_client.py:302 Actions kept on device: cpu
DEBUG 2026-07-31 22:16:37 t_client.py:209 Sent observation #197 | 
DEBUG 2026-07-31 22:16:37 t_client.py:434 QUEUE SIZE: 24 (Must go: False)
DEBUG 2026-07-31 22:16:37 t_client.py:477 Control loop (ms): 5077.25
DEBUG 2026-07-31 22:16:37 t_client.py:477 Control loop (ms): 2.43
DEBUG 2026-07-31 22:16:37 t_client.py:477 Control loop (ms): 2.91
DEBUG 2026-07-31 22:16:37 t_client.py:477 Control loop (ms): 2.66
DEBUG 2026-07-31 22:16:37 t_client.py:477 Control loop (ms): 2.63
DEBUG 2026-07-31 22:16:37 t_client.py:477 Control loop (ms): 2.00
DEBUG 2026-07-31 22:16:37 t_client.py:477 Control loop (ms): 2.17
DEBUG 2026-07-31 22:16:37 t_client.py:477 Control loop (ms): 2.07
DEBUG 2026-07-31 22:16:37 t_client.py:477 Control loop (ms): 1.85
DEBUG 2026-07-31 22:16:37 t_client.py:477 Control loop (ms): 2.05
DEBUG 2026-07-31 22:16:37 t_client.py:477 Control loop (ms): 1.95
DEBUG 2026-07-31 22:16:37 t_client.py:477 Control loop (ms): 2.09
DEBUG 2026-07-31 22:16:37 t_client.py:477 Control loop (ms): 1.99
DEBUG 2026-07-31 22:16:37 t_client.py:477 Control loop (ms): 2.08
DEBUG 2026-07-31 22:16:37 t_client.py:477 Control loop (ms): 1.86
DEBUG 2026-07-31 22:16:37 t_client.py:477 Control loop (ms): 1.82
DEBUG 2026-07-31 22:16:37 t_client.py:477 Control loop (ms): 1.76
DEBUG 2026-07-31 22:16:37 t_client.py:477 Control loop (ms): 1.65
DEBUG 2026-07-31 22:16:37 t_client.py:477 Control loop (ms): 2.01
DEBUG 2026-07-31 22:16:37 t_client.py:477 Control loop (ms): 1.77
DEBUG 2026-07-31 22:16:38 t_client.py:477 Control loop (ms): 1.65
DEBUG 2026-07-31 22:16:38 t_client.py:477 Control loop (ms): 1.88
DEBUG 2026-07-31 22:16:38 t_client.py:477 Control loop (ms): 1.90
DEBUG 2026-07-31 22:16:38 t_client.py:292 Received actions on device: cpu
DEBUG 2026-07-31 22:16:38 t_client.py:302 Actions kept on device: cpu
DEBUG 2026-07-31 22:16:38 t_client.py:477 Control loop (ms): 1.87
WARNING 2026-07-31 22:16:38 ts/utils.py:121 Relative goal position magnitude had to be clamped to be safe.
{   'wrist_roll': {   'original goal_pos': -5.883441925048828,
                      'safe goal_pos': 2.417582417582423}}
DEBUG 2026-07-31 22:16:38 follower.py:188 follower0 SOFollower read state: 1.4ms
DEBUG 2026-07-31 22:16:38 follower.py:196 follower0 SOFollower read base_0_rgb: 0.0ms
DEBUG 2026-07-31 22:16:38 follower.py:196 follower0 SOFollower read left_wrist_0_rgb: 0.0ms
DEBUG 2026-07-31 22:16:38 t_client.py:198 Observation serialization time: 0.000585s
DEBUG 2026-07-31 22:16:38 ort/utils.py:54 [CLIENT] Observation Buffer size 1.758378028869629 MB with
DEBUG 2026-07-31 22:16:38 ort/utils.py:69 [CLIENT] Observation Sent 1843793/1843793 bytes with state 3
DEBUG 2026-07-31 22:16:38 ort/utils.py:71 [CLIENT] Observation Published 1.758378028869629 MB
DEBUG 2026-07-31 22:16:46 t_client.py:209 Sent observation #221 | 
DEBUG 2026-07-31 22:16:46 t_client.py:434 QUEUE SIZE: 25 (Must go: False)
DEBUG 2026-07-31 22:16:46 t_client.py:477 Control loop (ms): 7945.58
DEBUG 2026-07-31 22:16:46 follower.py:188 follower0 SOFollower read state: 1.9ms
DEBUG 2026-07-31 22:16:46 follower.py:196 follower0 SOFollower read base_0_rgb: 0.0ms
DEBUG 2026-07-31 22:16:46 follower.py:196 follower0 SOFollower read left_wrist_0_rgb: 0.0ms
DEBUG 2026-07-31 22:16:46 t_client.py:198 Observation serialization time: 0.000464s
DEBUG 2026-07-31 22:16:46 ort/utils.py:54 [CLIENT] Observation Buffer size 1.758378028869629 MB with
DEBUG 2026-07-31 22:16:46 ort/utils.py:69 [CLIENT] Observation Sent 1843793/1843793 bytes with state 3
DEBUG 2026-07-31 22:16:46 ort/utils.py:71 [CLIENT] Observation Published 1.758378028869629 MB
DEBUG 2026-07-31 22:16:46 t_client.py:292 Received actions on device: cpu
DEBUG 2026-07-31 22:16:46 t_client.py:302 Actions kept on device: cpu
DEBUG 2026-07-31 22:16:50 t_client.py:209 Sent observation #222 | 
DEBUG 2026-07-31 22:16:50 t_client.py:434 QUEUE SIZE: 24 (Must go: False)
DEBUG 2026-07-31 22:16:50 t_client.py:477 Control loop (ms): 4196.99
DEBUG 2026-07-31 22:16:50 t_client.py:477 Control loop (ms): 2.51
DEBUG 2026-07-31 22:16:50 t_client.py:477 Control loop (ms): 1.81
DEBUG 2026-07-31 22:16:50 t_client.py:477 Control loop (ms): 1.81
DEBUG 2026-07-31 22:16:50 t_client.py:477 Control loop (ms): 1.64
DEBUG 2026-07-31 22:16:50 t_client.py:477 Control loop (ms): 1.80
DEBUG 2026-07-31 22:16:50 t_client.py:477 Control loop (ms): 1.91
DEBUG 2026-07-31 22:16:50 t_client.py:477 Control loop (ms): 2.14
DEBUG 2026-07-31 22:16:50 t_client.py:477 Control loop (ms): 1.96
DEBUG 2026-07-31 22:16:50 t_client.py:477 Control loop (ms): 1.78
DEBUG 2026-07-31 22:16:50 t_client.py:477 Control loop (ms): 1.87
DEBUG 2026-07-31 22:16:50 t_client.py:477 Control loop (ms): 1.94
DEBUG 2026-07-31 22:16:50 t_client.py:477 Control loop (ms): 1.79
DEBUG 2026-07-31 22:16:50 t_client.py:477 Control loop (ms): 1.76
DEBUG 2026-07-31 22:16:50 t_client.py:292 Received actions on device: cpu
DEBUG 2026-07-31 22:16:50 t_client.py:302 Actions kept on device: cpu
DEBUG 2026-07-31 22:16:50 t_client.py:477 Control loop (ms): 1.66
DEBUG 2026-07-31 22:16:50 t_client.py:477 Control loop (ms): 1.83
DEBUG 2026-07-31 22:16:50 t_client.py:477 Control loop (ms): 1.66
DEBUG 2026-07-31 22:16:50 t_client.py:477 Control loop (ms): 1.84
DEBUG 2026-07-31 22:16:50 t_client.py:477 Control loop (ms): 1.97
DEBUG 2026-07-31 22:16:50 t_client.py:477 Control loop (ms): 1.59
DEBUG 2026-07-31 22:16:50 t_client.py:477 Control loop (ms): 1.67
DEBUG 2026-07-31 22:16:50 t_client.py:477 Control loop (ms): 1.96
DEBUG 2026-07-31 22:16:50 t_client.py:477 Control loop (ms): 1.78
DEBUG 2026-07-31 22:16:51 t_client.py:477 Control loop (ms): 1.66
DEBUG 2026-07-31 22:16:51 follower.py:188 follower0 SOFollower read state: 1.5ms
DEBUG 2026-07-31 22:16:51 follower.py:196 follower0 SOFollower read base_0_rgb: 0.0ms
DEBUG 2026-07-31 22:16:51 follower.py:196 follower0 SOFollower read left_wrist_0_rgb: 0.0ms
DEBUG 2026-07-31 22:16:51 t_client.py:198 Observation serialization time: 0.000505s
DEBUG 2026-07-31 22:16:51 ort/utils.py:54 [CLIENT] Observation Buffer size 1.758378028869629 MB with
DEBUG 2026-07-31 22:16:51 ort/utils.py:69 [CLIENT] Observation Sent 1843793/1843793 bytes with state 3
DEBUG 2026-07-31 22:16:51 ort/utils.py:71 [CLIENT] Observation Published 1.758378028869629 MB
DEBUG 2026-07-31 22:16:56 t_client.py:209 Sent observation #246 | 
DEBUG 2026-07-31 22:16:56 t_client.py:434 QUEUE SIZE: 25 (Must go: False)
DEBUG 2026-07-31 22:16:56 t_client.py:477 Control loop (ms): 4967.47
DEBUG 2026-07-31 22:16:56 follower.py:188 follower0 SOFollower read state: 1.6ms
DEBUG 2026-07-31 22:16:56 follower.py:196 follower0 SOFollower read base_0_rgb: 0.0ms
DEBUG 2026-07-31 22:16:56 follower.py:196 follower0 SOFollower read left_wrist_0_rgb: 0.0ms
DEBUG 2026-07-31 22:16:56 t_client.py:198 Observation serialization time: 0.000593s
DEBUG 2026-07-31 22:16:56 ort/utils.py:54 [CLIENT] Observation Buffer size 1.758378028869629 MB with
DEBUG 2026-07-31 22:16:56 ort/utils.py:69 [CLIENT] Observation Sent 1843793/1843793 bytes with state 3
DEBUG 2026-07-31 22:16:56 ort/utils.py:71 [CLIENT] Observation Published 1.758378028869629 MB
DEBUG 2026-07-31 22:16:56 t_client.py:292 Received actions on device: cpu
DEBUG 2026-07-31 22:16:56 t_client.py:302 Actions kept on device: cpu
DEBUG 2026-07-31 22:17:00 t_client.py:209 Sent observation #247 | 
DEBUG 2026-07-31 22:17:00 t_client.py:434 QUEUE SIZE: 24 (Must go: False)
DEBUG 2026-07-31 22:17:00 t_client.py:477 Control loop (ms): 4475.60
DEBUG 2026-07-31 22:17:00 t_client.py:477 Control loop (ms): 2.28
DEBUG 2026-07-31 22:17:00 t_client.py:477 Control loop (ms): 2.29
DEBUG 2026-07-31 22:17:00 t_client.py:477 Control loop (ms): 2.03
DEBUG 2026-07-31 22:17:00 t_client.py:477 Control loop (ms): 1.92
DEBUG 2026-07-31 22:17:00 t_client.py:477 Control loop (ms): 1.88
DEBUG 2026-07-31 22:17:00 t_client.py:477 Control loop (ms): 1.79
DEBUG 2026-07-31 22:17:00 t_client.py:477 Control loop (ms): 1.75
DEBUG 2026-07-31 22:17:00 t_client.py:477 Control loop (ms): 1.87
DEBUG 2026-07-31 22:17:00 t_client.py:292 Received actions on device: cpu
DEBUG 2026-07-31 22:17:00 t_client.py:302 Actions kept on device: cpu
DEBUG 2026-07-31 22:17:00 t_client.py:477 Control loop (ms): 1.57
DEBUG 2026-07-31 22:17:00 t_client.py:477 Control loop (ms): 1.68
DEBUG 2026-07-31 22:17:00 t_client.py:477 Control loop (ms): 2.36
DEBUG 2026-07-31 22:17:00 t_client.py:477 Control loop (ms): 1.80
DEBUG 2026-07-31 22:17:00 t_client.py:477 Control loop (ms): 1.88
DEBUG 2026-07-31 22:17:00 t_client.py:477 Control loop (ms): 1.74
DEBUG 2026-07-31 22:17:00 t_client.py:477 Control loop (ms): 1.65
DEBUG 2026-07-31 22:17:00 t_client.py:477 Control loop (ms): 1.79
DEBUG 2026-07-31 22:17:01 t_client.py:477 Control loop (ms): 1.81
DEBUG 2026-07-31 22:17:01 t_client.py:477 Control loop (ms): 1.77
DEBUG 2026-07-31 22:17:01 t_client.py:477 Control loop (ms): 1.61
DEBUG 2026-07-31 22:17:01 t_client.py:477 Control loop (ms): 2.11
DEBUG 2026-07-31 22:17:01 t_client.py:477 Control loop (ms): 1.94
DEBUG 2026-07-31 22:17:01 t_client.py:477 Control loop (ms): 1.76
DEBUG 2026-07-31 22:17:01 t_client.py:477 Control loop (ms): 1.83
DEBUG 2026-07-31 22:17:01 follower.py:188 follower0 SOFollower read state: 1.6ms
DEBUG 2026-07-31 22:17:01 follower.py:196 follower0 SOFollower read base_0_rgb: 0.0ms
DEBUG 2026-07-31 22:17:01 follower.py:196 follower0 SOFollower read left_wrist_0_rgb: 0.0ms
DEBUG 2026-07-31 22:17:01 t_client.py:198 Observation serialization time: 0.000554s
DEBUG 2026-07-31 22:17:01 ort/utils.py:54 [CLIENT] Observation Buffer size 1.7583789825439453 MB with
DEBUG 2026-07-31 22:17:01 ort/utils.py:69 [CLIENT] Observation Sent 1843794/1843794 bytes with state 3
DEBUG 2026-07-31 22:17:01 ort/utils.py:71 [CLIENT] Observation Published 1.7583789825439453 MB
DEBUG 2026-07-31 22:17:06 t_client.py:209 Sent observation #271 | 
DEBUG 2026-07-31 22:17:06 t_client.py:434 QUEUE SIZE: 25 (Must go: False)
DEBUG 2026-07-31 22:17:06 t_client.py:477 Control loop (ms): 5608.23
DEBUG 2026-07-31 22:17:06 follower.py:188 follower0 SOFollower read state: 1.7ms
DEBUG 2026-07-31 22:17:06 follower.py:196 follower0 SOFollower read base_0_rgb: 0.0ms
DEBUG 2026-07-31 22:17:06 follower.py:196 follower0 SOFollower read left_wrist_0_rgb: 0.0ms
DEBUG 2026-07-31 22:17:06 t_client.py:198 Observation serialization time: 0.000533s
DEBUG 2026-07-31 22:17:06 ort/utils.py:54 [CLIENT] Observation Buffer size 1.7583789825439453 MB with
DEBUG 2026-07-31 22:17:06 ort/utils.py:69 [CLIENT] Observation Sent 1843794/1843794 bytes with state 3
DEBUG 2026-07-31 22:17:06 ort/utils.py:71 [CLIENT] Observation Published 1.7583789825439453 MB
DEBUG 2026-07-31 22:17:07 t_client.py:292 Received actions on device: cpu
DEBUG 2026-07-31 22:17:07 t_client.py:302 Actions kept on device: cpu
DEBUG 2026-07-31 22:17:12 t_client.py:209 Sent observation #272 | 
DEBUG 2026-07-31 22:17:12 t_client.py:434 QUEUE SIZE: 24 (Must go: False)
DEBUG 2026-07-31 22:17:12 t_client.py:477 Control loop (ms): 5594.88
DEBUG 2026-07-31 22:17:12 t_client.py:477 Control loop (ms): 2.23
DEBUG 2026-07-31 22:17:12 t_client.py:477 Control loop (ms): 1.84
DEBUG 2026-07-31 22:17:12 t_client.py:477 Control loop (ms): 1.79
DEBUG 2026-07-31 22:17:12 t_client.py:477 Control loop (ms): 1.98
DEBUG 2026-07-31 22:17:12 t_client.py:477 Control loop (ms): 1.82
DEBUG 2026-07-31 22:17:12 t_client.py:477 Control loop (ms): 1.78
DEBUG 2026-07-31 22:17:12 t_client.py:477 Control loop (ms): 1.67
DEBUG 2026-07-31 22:17:12 t_client.py:477 Control loop (ms): 1.85
DEBUG 2026-07-31 22:17:12 t_client.py:477 Control loop (ms): 1.73
DEBUG 2026-07-31 22:17:12 t_client.py:477 Control loop (ms): 3.76
DEBUG 2026-07-31 22:17:12 t_client.py:292 Received actions on device: cpu
DEBUG 2026-07-31 22:17:12 t_client.py:302 Actions kept on device: cpu
DEBUG 2026-07-31 22:17:12 t_client.py:477 Control loop (ms): 1.70
DEBUG 2026-07-31 22:17:12 t_client.py:477 Control loop (ms): 1.79
DEBUG 2026-07-31 22:17:12 t_client.py:477 Control loop (ms): 1.87
DEBUG 2026-07-31 22:17:12 t_client.py:477 Control loop (ms): 1.92
DEBUG 2026-07-31 22:17:12 t_client.py:477 Control loop (ms): 1.87
DEBUG 2026-07-31 22:17:12 t_client.py:477 Control loop (ms): 1.86
DEBUG 2026-07-31 22:17:13 t_client.py:477 Control loop (ms): 1.84
DEBUG 2026-07-31 22:17:13 t_client.py:477 Control loop (ms): 1.75
DEBUG 2026-07-31 22:17:13 t_client.py:477 Control loop (ms): 1.86
DEBUG 2026-07-31 22:17:13 t_client.py:477 Control loop (ms): 2.01
DEBUG 2026-07-31 22:17:13 t_client.py:477 Control loop (ms): 2.09
DEBUG 2026-07-31 22:17:13 t_client.py:477 Control loop (ms): 1.89
DEBUG 2026-07-31 22:17:13 t_client.py:477 Control loop (ms): 2.03
DEBUG 2026-07-31 22:17:13 follower.py:188 follower0 SOFollower read state: 1.3ms
DEBUG 2026-07-31 22:17:13 follower.py:196 follower0 SOFollower read base_0_rgb: 0.0ms
DEBUG 2026-07-31 22:17:13 follower.py:196 follower0 SOFollower read left_wrist_0_rgb: 0.0ms
DEBUG 2026-07-31 22:17:13 t_client.py:198 Observation serialization time: 0.000467s
DEBUG 2026-07-31 22:17:13 ort/utils.py:54 [CLIENT] Observation Buffer size 1.7583789825439453 MB with
DEBUG 2026-07-31 22:17:13 ort/utils.py:69 [CLIENT] Observation Sent 1843794/1843794 bytes with state 3
DEBUG 2026-07-31 22:17:13 ort/utils.py:71 [CLIENT] Observation Published 1.7583789825439453 MB
DEBUG 2026-07-31 22:17:25 t_client.py:209 Sent observation #296 | 
DEBUG 2026-07-31 22:17:25 t_client.py:434 QUEUE SIZE: 25 (Must go: False)
DEBUG 2026-07-31 22:17:25 t_client.py:477 Control loop (ms): 11980.53
DEBUG 2026-07-31 22:17:25 follower.py:188 follower0 SOFollower read state: 1.7ms
DEBUG 2026-07-31 22:17:25 follower.py:196 follower0 SOFollower read base_0_rgb: 0.0ms
DEBUG 2026-07-31 22:17:25 follower.py:196 follower0 SOFollower read left_wrist_0_rgb: 0.0ms
DEBUG 2026-07-31 22:17:25 t_client.py:198 Observation serialization time: 0.000500s
DEBUG 2026-07-31 22:17:25 ort/utils.py:54 [CLIENT] Observation Buffer size 1.7583789825439453 MB with
DEBUG 2026-07-31 22:17:25 ort/utils.py:69 [CLIENT] Observation Sent 1843794/1843794 bytes with state 3
DEBUG 2026-07-31 22:17:25 ort/utils.py:71 [CLIENT] Observation Published 1.7583789825439453 MB
DEBUG 2026-07-31 22:17:25 t_client.py:292 Received actions on device: cpu
DEBUG 2026-07-31 22:17:25 t_client.py:302 Actions kept on device: cpu
DEBUG 2026-07-31 22:17:30 t_client.py:209 Sent observation #297 | 
DEBUG 2026-07-31 22:17:30 t_client.py:434 QUEUE SIZE: 24 (Must go: False)
DEBUG 2026-07-31 22:17:30 t_client.py:477 Control loop (ms): 5209.34
DEBUG 2026-07-31 22:17:30 t_client.py:477 Control loop (ms): 2.11
DEBUG 2026-07-31 22:17:30 t_client.py:477 Control loop (ms): 2.05
DEBUG 2026-07-31 22:17:30 t_client.py:477 Control loop (ms): 2.10
DEBUG 2026-07-31 22:17:30 t_client.py:477 Control loop (ms): 1.92
DEBUG 2026-07-31 22:17:30 t_client.py:477 Control loop (ms): 1.92
DEBUG 2026-07-31 22:17:30 t_client.py:477 Control loop (ms): 1.77
DEBUG 2026-07-31 22:17:30 t_client.py:477 Control loop (ms): 2.00
DEBUG 2026-07-31 22:17:30 t_client.py:477 Control loop (ms): 1.62
DEBUG 2026-07-31 22:17:30 t_client.py:477 Control loop (ms): 1.92
DEBUG 2026-07-31 22:17:30 t_client.py:477 Control loop (ms): 1.94
DEBUG 2026-07-31 22:17:30 t_client.py:292 Received actions on device: cpu
DEBUG 2026-07-31 22:17:30 t_client.py:302 Actions kept on device: cpu
DEBUG 2026-07-31 22:17:30 t_client.py:477 Control loop (ms): 1.88
DEBUG 2026-07-31 22:17:30 t_client.py:477 Control loop (ms): 1.78
DEBUG 2026-07-31 22:17:30 t_client.py:477 Control loop (ms): 2.07
DEBUG 2026-07-31 22:17:30 t_client.py:477 Control loop (ms): 1.88
DEBUG 2026-07-31 22:17:30 t_client.py:477 Control loop (ms): 1.97
DEBUG 2026-07-31 22:17:30 t_client.py:477 Control loop (ms): 2.00
DEBUG 2026-07-31 22:17:30 t_client.py:477 Control loop (ms): 2.05
DEBUG 2026-07-31 22:17:30 t_client.py:477 Control loop (ms): 1.82
DEBUG 2026-07-31 22:17:31 t_client.py:477 Control loop (ms): 1.97
DEBUG 2026-07-31 22:17:31 t_client.py:477 Control loop (ms): 2.04
DEBUG 2026-07-31 22:17:31 t_client.py:477 Control loop (ms): 1.93
DEBUG 2026-07-31 22:17:31 t_client.py:477 Control loop (ms): 1.75
DEBUG 2026-07-31 22:17:31 t_client.py:477 Control loop (ms): 1.90
DEBUG 2026-07-31 22:17:31 follower.py:188 follower0 SOFollower read state: 1.6ms
DEBUG 2026-07-31 22:17:31 follower.py:196 follower0 SOFollower read base_0_rgb: 0.0ms
DEBUG 2026-07-31 22:17:31 follower.py:196 follower0 SOFollower read left_wrist_0_rgb: 0.0ms
DEBUG 2026-07-31 22:17:31 t_client.py:198 Observation serialization time: 0.000621s
DEBUG 2026-07-31 22:17:31 ort/utils.py:54 [CLIENT] Observation Buffer size 1.7583789825439453 MB with
DEBUG 2026-07-31 22:17:31 ort/utils.py:69 [CLIENT] Observation Sent 1843794/1843794 bytes with state 3
DEBUG 2026-07-31 22:17:31 ort/utils.py:71 [CLIENT] Observation Published 1.7583789825439453 MB
DEBUG 2026-07-31 22:17:36 t_client.py:209 Sent observation #321 | 
DEBUG 2026-07-31 22:17:36 t_client.py:434 QUEUE SIZE: 25 (Must go: False)
DEBUG 2026-07-31 22:17:36 t_client.py:477 Control loop (ms): 5016.09
DEBUG 2026-07-31 22:17:36 follower.py:188 follower0 SOFollower read state: 1.5ms
DEBUG 2026-07-31 22:17:36 follower.py:196 follower0 SOFollower read base_0_rgb: 0.0ms
DEBUG 2026-07-31 22:17:36 follower.py:196 follower0 SOFollower read left_wrist_0_rgb: 0.0ms
DEBUG 2026-07-31 22:17:36 t_client.py:198 Observation serialization time: 0.000456s
DEBUG 2026-07-31 22:17:36 ort/utils.py:54 [CLIENT] Observation Buffer size 1.7583789825439453 MB with
DEBUG 2026-07-31 22:17:36 ort/utils.py:69 [CLIENT] Observation Sent 1843794/1843794 bytes with state 3
DEBUG 2026-07-31 22:17:36 ort/utils.py:71 [CLIENT] Observation Published 1.7583789825439453 MB
DEBUG 2026-07-31 22:17:36 t_client.py:292 Received actions on device: cpu
DEBUG 2026-07-31 22:17:36 t_client.py:302 Actions kept on device: cpu
DEBUG 2026-07-31 22:17:41 t_client.py:209 Sent observation #322 | 
DEBUG 2026-07-31 22:17:41 t_client.py:434 QUEUE SIZE: 24 (Must go: False)
DEBUG 2026-07-31 22:17:41 t_client.py:477 Control loop (ms): 5257.96
DEBUG 2026-07-31 22:17:41 t_client.py:477 Control loop (ms): 2.17
DEBUG 2026-07-31 22:17:41 t_client.py:477 Control loop (ms): 2.10
DEBUG 2026-07-31 22:17:41 t_client.py:477 Control loop (ms): 2.17
DEBUG 2026-07-31 22:17:41 t_client.py:477 Control loop (ms): 1.72
DEBUG 2026-07-31 22:17:41 t_client.py:477 Control loop (ms): 1.75
DEBUG 2026-07-31 22:17:41 t_client.py:477 Control loop (ms): 1.57
DEBUG 2026-07-31 22:17:41 t_client.py:477 Control loop (ms): 1.82
DEBUG 2026-07-31 22:17:41 t_client.py:477 Control loop (ms): 1.61
DEBUG 2026-07-31 22:17:41 t_client.py:477 Control loop (ms): 1.66
DEBUG 2026-07-31 22:17:41 t_client.py:477 Control loop (ms): 1.88
DEBUG 2026-07-31 22:17:41 t_client.py:477 Control loop (ms): 1.83
DEBUG 2026-07-31 22:17:41 t_client.py:477 Control loop (ms): 1.76
DEBUG 2026-07-31 22:17:41 t_client.py:477 Control loop (ms): 1.75
DEBUG 2026-07-31 22:17:41 t_client.py:477 Control loop (ms): 1.83
DEBUG 2026-07-31 22:17:41 t_client.py:477 Control loop (ms): 1.67
DEBUG 2026-07-31 22:17:41 t_client.py:477 Control loop (ms): 1.87
DEBUG 2026-07-31 22:17:42 t_client.py:292 Received actions on device: cpu
DEBUG 2026-07-31 22:17:42 t_client.py:302 Actions kept on device: cpu
DEBUG 2026-07-31 22:17:42 t_client.py:477 Control loop (ms): 1.79
DEBUG 2026-07-31 22:17:42 t_client.py:477 Control loop (ms): 1.72
DEBUG 2026-07-31 22:17:42 t_client.py:477 Control loop (ms): 1.94
DEBUG 2026-07-31 22:17:42 t_client.py:477 Control loop (ms): 1.80
DEBUG 2026-07-31 22:17:42 t_client.py:477 Control loop (ms): 1.86
DEBUG 2026-07-31 22:17:42 t_client.py:477 Control loop (ms): 1.94
DEBUG 2026-07-31 22:17:42 t_client.py:477 Control loop (ms): 1.91
DEBUG 2026-07-31 22:17:42 t_client.py:477 Control loop (ms): 1.77
DEBUG 2026-07-31 22:17:42 follower.py:188 follower0 SOFollower read state: 1.5ms
DEBUG 2026-07-31 22:17:42 follower.py:196 follower0 SOFollower read base_0_rgb: 0.0ms
DEBUG 2026-07-31 22:17:42 follower.py:196 follower0 SOFollower read left_wrist_0_rgb: 0.0ms
DEBUG 2026-07-31 22:17:42 t_client.py:198 Observation serialization time: 0.000453s
DEBUG 2026-07-31 22:17:42 ort/utils.py:54 [CLIENT] Observation Buffer size 1.7583789825439453 MB with
DEBUG 2026-07-31 22:17:42 ort/utils.py:69 [CLIENT] Observation Sent 1843794/1843794 bytes with state 3
DEBUG 2026-07-31 22:17:42 ort/utils.py:71 [CLIENT] Observation Published 1.7583789825439453 MB
DEBUG 2026-07-31 22:17:46 t_client.py:209 Sent observation #346 | 
DEBUG 2026-07-31 22:17:46 t_client.py:434 QUEUE SIZE: 25 (Must go: False)
DEBUG 2026-07-31 22:17:46 t_client.py:477 Control loop (ms): 4044.39
DEBUG 2026-07-31 22:17:46 follower.py:188 follower0 SOFollower read state: 1.7ms
DEBUG 2026-07-31 22:17:46 follower.py:196 follower0 SOFollower read base_0_rgb: 0.0ms
DEBUG 2026-07-31 22:17:46 follower.py:196 follower0 SOFollower read left_wrist_0_rgb: 0.0ms
DEBUG 2026-07-31 22:17:46 t_client.py:198 Observation serialization time: 0.000518s
DEBUG 2026-07-31 22:17:46 ort/utils.py:54 [CLIENT] Observation Buffer size 1.7583789825439453 MB with
DEBUG 2026-07-31 22:17:46 ort/utils.py:69 [CLIENT] Observation Sent 1843794/1843794 bytes with state 3
DEBUG 2026-07-31 22:17:46 ort/utils.py:71 [CLIENT] Observation Published 1.7583789825439453 MB
DEBUG 2026-07-31 22:17:46 t_client.py:292 Received actions on device: cpu
DEBUG 2026-07-31 22:17:46 t_client.py:302 Actions kept on device: cpu
DEBUG 2026-07-31 22:17:50 t_client.py:209 Sent observation #347 | 
DEBUG 2026-07-31 22:17:50 t_client.py:434 QUEUE SIZE: 24 (Must go: False)
DEBUG 2026-07-31 22:17:50 t_client.py:477 Control loop (ms): 3715.10
DEBUG 2026-07-31 22:17:50 t_client.py:477 Control loop (ms): 2.59
DEBUG 2026-07-31 22:17:50 t_client.py:477 Control loop (ms): 2.38
DEBUG 2026-07-31 22:17:50 t_client.py:477 Control loop (ms): 2.51
DEBUG 2026-07-31 22:17:50 t_client.py:477 Control loop (ms): 2.08
DEBUG 2026-07-31 22:17:50 t_client.py:292 Received actions on device: cpu
DEBUG 2026-07-31 22:17:50 t_client.py:302 Actions kept on device: cpu
DEBUG 2026-07-31 22:17:50 t_client.py:477 Control loop (ms): 1.83
DEBUG 2026-07-31 22:17:50 t_client.py:477 Control loop (ms): 1.69
DEBUG 2026-07-31 22:17:50 t_client.py:477 Control loop (ms): 1.67
DEBUG 2026-07-31 22:17:50 t_client.py:477 Control loop (ms): 1.73
DEBUG 2026-07-31 22:17:50 t_client.py:477 Control loop (ms): 1.77
DEBUG 2026-07-31 22:17:50 t_client.py:477 Control loop (ms): 1.93
DEBUG 2026-07-31 22:17:50 t_client.py:477 Control loop (ms): 1.91
DEBUG 2026-07-31 22:17:50 t_client.py:477 Control loop (ms): 1.78
DEBUG 2026-07-31 22:17:50 t_client.py:477 Control loop (ms): 1.65
DEBUG 2026-07-31 22:17:50 t_client.py:477 Control loop (ms): 1.98
DEBUG 2026-07-31 22:17:50 t_client.py:477 Control loop (ms): 1.73
DEBUG 2026-07-31 22:17:50 t_client.py:477 Control loop (ms): 1.79
DEBUG 2026-07-31 22:17:50 t_client.py:477 Control loop (ms): 2.12
DEBUG 2026-07-31 22:17:50 t_client.py:477 Control loop (ms): 2.06
DEBUG 2026-07-31 22:17:50 t_client.py:477 Control loop (ms): 1.86
DEBUG 2026-07-31 22:17:50 t_client.py:477 Control loop (ms): 1.80
DEBUG 2026-07-31 22:17:50 t_client.py:477 Control loop (ms): 1.80
DEBUG 2026-07-31 22:17:50 t_client.py:477 Control loop (ms): 1.85
DEBUG 2026-07-31 22:17:50 t_client.py:477 Control loop (ms): 1.70
DEBUG 2026-07-31 22:17:50 follower.py:188 follower0 SOFollower read state: 1.5ms
DEBUG 2026-07-31 22:17:50 follower.py:196 follower0 SOFollower read base_0_rgb: 0.0ms
DEBUG 2026-07-31 22:17:50 follower.py:196 follower0 SOFollower read left_wrist_0_rgb: 0.0ms
DEBUG 2026-07-31 22:17:50 t_client.py:198 Observation serialization time: 0.000488s
DEBUG 2026-07-31 22:17:50 ort/utils.py:54 [CLIENT] Observation Buffer size 1.7583789825439453 MB with
DEBUG 2026-07-31 22:17:50 ort/utils.py:69 [CLIENT] Observation Sent 1843794/1843794 bytes with state 3
DEBUG 2026-07-31 22:17:50 ort/utils.py:71 [CLIENT] Observation Published 1.7583789825439453 MB
DEBUG 2026-07-31 22:17:54 t_client.py:209 Sent observation #371 | 
DEBUG 2026-07-31 22:17:54 t_client.py:434 QUEUE SIZE: 25 (Must go: False)
DEBUG 2026-07-31 22:17:54 t_client.py:477 Control loop (ms): 4054.71
DEBUG 2026-07-31 22:17:54 follower.py:188 follower0 SOFollower read state: 1.6ms
DEBUG 2026-07-31 22:17:54 follower.py:196 follower0 SOFollower read base_0_rgb: 0.0ms
DEBUG 2026-07-31 22:17:54 follower.py:196 follower0 SOFollower read left_wrist_0_rgb: 0.0ms
DEBUG 2026-07-31 22:17:54 t_client.py:198 Observation serialization time: 0.000652s
DEBUG 2026-07-31 22:17:54 ort/utils.py:54 [CLIENT] Observation Buffer size 1.7583789825439453 MB with
DEBUG 2026-07-31 22:17:54 ort/utils.py:69 [CLIENT] Observation Sent 1843794/1843794 bytes with state 3
DEBUG 2026-07-31 22:17:54 ort/utils.py:71 [CLIENT] Observation Published 1.7583789825439453 MB
DEBUG 2026-07-31 22:17:55 t_client.py:292 Received actions on device: cpu
DEBUG 2026-07-31 22:17:55 t_client.py:302 Actions kept on device: cpu
DEBUG 2026-07-31 22:17:59 t_client.py:209 Sent observation #372 | 
DEBUG 2026-07-31 22:17:59 t_client.py:434 QUEUE SIZE: 24 (Must go: False)
DEBUG 2026-07-31 22:17:59 t_client.py:477 Control loop (ms): 4346.21
DEBUG 2026-07-31 22:17:59 t_client.py:477 Control loop (ms): 2.12
DEBUG 2026-07-31 22:17:59 t_client.py:477 Control loop (ms): 2.05
DEBUG 2026-07-31 22:17:59 t_client.py:477 Control loop (ms): 2.01
DEBUG 2026-07-31 22:17:59 t_client.py:477 Control loop (ms): 1.85
DEBUG 2026-07-31 22:17:59 t_client.py:477 Control loop (ms): 2.07
DEBUG 2026-07-31 22:17:59 t_client.py:292 Received actions on device: cpu
DEBUG 2026-07-31 22:17:59 t_client.py:302 Actions kept on device: cpu
DEBUG 2026-07-31 22:17:59 t_client.py:477 Control loop (ms): 1.72
DEBUG 2026-07-31 22:17:59 t_client.py:477 Control loop (ms): 1.85
DEBUG 2026-07-31 22:17:59 t_client.py:477 Control loop (ms): 1.99
DEBUG 2026-07-31 22:17:59 t_client.py:477 Control loop (ms): 2.05
DEBUG 2026-07-31 22:17:59 t_client.py:477 Control loop (ms): 1.96
DEBUG 2026-07-31 22:17:59 t_client.py:477 Control loop (ms): 1.79
DEBUG 2026-07-31 22:17:59 t_client.py:477 Control loop (ms): 1.69
DEBUG 2026-07-31 22:17:59 t_client.py:477 Control loop (ms): 1.52
DEBUG 2026-07-31 22:17:59 t_client.py:477 Control loop (ms): 1.86
DEBUG 2026-07-31 22:17:59 t_client.py:477 Control loop (ms): 1.79
DEBUG 2026-07-31 22:17:59 t_client.py:477 Control loop (ms): 1.82
DEBUG 2026-07-31 22:17:59 t_client.py:477 Control loop (ms): 1.74
DEBUG 2026-07-31 22:17:59 t_client.py:477 Control loop (ms): 1.80
DEBUG 2026-07-31 22:17:59 t_client.py:477 Control loop (ms): 1.94
DEBUG 2026-07-31 22:17:59 t_client.py:477 Control loop (ms): 1.70
DEBUG 2026-07-31 22:17:59 t_client.py:477 Control loop (ms): 2.04
DEBUG 2026-07-31 22:17:59 t_client.py:477 Control loop (ms): 1.98
DEBUG 2026-07-31 22:17:59 t_client.py:477 Control loop (ms): 2.32
DEBUG 2026-07-31 22:17:59 follower.py:188 follower0 SOFollower read state: 1.5ms
DEBUG 2026-07-31 22:17:59 follower.py:196 follower0 SOFollower read base_0_rgb: 0.0ms
DEBUG 2026-07-31 22:17:59 follower.py:196 follower0 SOFollower read left_wrist_0_rgb: 0.0ms
DEBUG 2026-07-31 22:17:59 t_client.py:198 Observation serialization time: 0.000620s
DEBUG 2026-07-31 22:17:59 ort/utils.py:54 [CLIENT] Observation Buffer size 1.7583789825439453 MB with
DEBUG 2026-07-31 22:17:59 ort/utils.py:69 [CLIENT] Observation Sent 1843794/1843794 bytes with state 3
DEBUG 2026-07-31 22:17:59 ort/utils.py:71 [CLIENT] Observation Published 1.7583789825439453 MB
DEBUG 2026-07-31 22:18:05 t_client.py:209 Sent observation #396 | 
DEBUG 2026-07-31 22:18:05 t_client.py:434 QUEUE SIZE: 25 (Must go: False)
DEBUG 2026-07-31 22:18:05 t_client.py:477 Control loop (ms): 5361.51
DEBUG 2026-07-31 22:18:05 follower.py:188 follower0 SOFollower read state: 1.6ms
DEBUG 2026-07-31 22:18:05 follower.py:196 follower0 SOFollower read base_0_rgb: 0.0ms
DEBUG 2026-07-31 22:18:05 follower.py:196 follower0 SOFollower read left_wrist_0_rgb: 0.0ms
DEBUG 2026-07-31 22:18:05 t_client.py:198 Observation serialization time: 0.000495s
DEBUG 2026-07-31 22:18:05 ort/utils.py:54 [CLIENT] Observation Buffer size 1.7583789825439453 MB with
DEBUG 2026-07-31 22:18:05 ort/utils.py:69 [CLIENT] Observation Sent 1843794/1843794 bytes with state 3
DEBUG 2026-07-31 22:18:05 ort/utils.py:71 [CLIENT] Observation Published 1.7583789825439453 MB
DEBUG 2026-07-31 22:18:05 t_client.py:292 Received actions on device: cpu
DEBUG 2026-07-31 22:18:05 t_client.py:302 Actions kept on device: cpu
DEBUG 2026-07-31 22:18:09 t_client.py:209 Sent observation #397 | 
DEBUG 2026-07-31 22:18:09 t_client.py:434 QUEUE SIZE: 24 (Must go: False)
DEBUG 2026-07-31 22:18:09 t_client.py:477 Control loop (ms): 4248.31
DEBUG 2026-07-31 22:18:09 t_client.py:477 Control loop (ms): 2.43
DEBUG 2026-07-31 22:18:09 t_client.py:477 Control loop (ms): 2.25
DEBUG 2026-07-31 22:18:09 t_client.py:477 Control loop (ms): 2.25
DEBUG 2026-07-31 22:18:09 t_client.py:477 Control loop (ms): 2.26
DEBUG 2026-07-31 22:18:09 t_client.py:477 Control loop (ms): 2.11
DEBUG 2026-07-31 22:18:09 t_client.py:477 Control loop (ms): 2.12
DEBUG 2026-07-31 22:18:09 t_client.py:477 Control loop (ms): 1.91
DEBUG 2026-07-31 22:18:09 t_client.py:477 Control loop (ms): 1.75
DEBUG 2026-07-31 22:18:09 t_client.py:477 Control loop (ms): 1.77
DEBUG 2026-07-31 22:18:09 t_client.py:477 Control loop (ms): 1.89
DEBUG 2026-07-31 22:18:09 t_client.py:292 Received actions on device: cpu
DEBUG 2026-07-31 22:18:09 t_client.py:302 Actions kept on device: cpu
DEBUG 2026-07-31 22:18:09 t_client.py:477 Control loop (ms): 2.07
DEBUG 2026-07-31 22:18:09 t_client.py:477 Control loop (ms): 1.64
DEBUG 2026-07-31 22:18:09 t_client.py:477 Control loop (ms): 1.74
DEBUG 2026-07-31 22:18:10 t_client.py:477 Control loop (ms): 1.96
DEBUG 2026-07-31 22:18:10 t_client.py:477 Control loop (ms): 1.65
DEBUG 2026-07-31 22:18:10 t_client.py:477 Control loop (ms): 1.75
DEBUG 2026-07-31 22:18:10 t_client.py:477 Control loop (ms): 1.79
DEBUG 2026-07-31 22:18:10 t_client.py:477 Control loop (ms): 2.16
DEBUG 2026-07-31 22:18:10 t_client.py:477 Control loop (ms): 1.89
DEBUG 2026-07-31 22:18:10 t_client.py:477 Control loop (ms): 1.88
DEBUG 2026-07-31 22:18:10 t_client.py:477 Control loop (ms): 1.95
DEBUG 2026-07-31 22:18:10 t_client.py:477 Control loop (ms): 1.93
DEBUG 2026-07-31 22:18:10 t_client.py:477 Control loop (ms): 1.95
DEBUG 2026-07-31 22:18:10 follower.py:188 follower0 SOFollower read state: 1.5ms
DEBUG 2026-07-31 22:18:10 follower.py:196 follower0 SOFollower read base_0_rgb: 0.0ms
DEBUG 2026-07-31 22:18:10 follower.py:196 follower0 SOFollower read left_wrist_0_rgb: 0.0ms
DEBUG 2026-07-31 22:18:10 t_client.py:198 Observation serialization time: 0.000594s
DEBUG 2026-07-31 22:18:10 ort/utils.py:54 [CLIENT] Observation Buffer size 1.7583789825439453 MB with
DEBUG 2026-07-31 22:18:10 ort/utils.py:69 [CLIENT] Observation Sent 1843794/1843794 bytes with state 3
DEBUG 2026-07-31 22:18:10 ort/utils.py:71 [CLIENT] Observation Published 1.7583789825439453 MB
DEBUG 2026-07-31 22:18:14 t_client.py:209 Sent observation #421 | 
DEBUG 2026-07-31 22:18:14 t_client.py:434 QUEUE SIZE: 25 (Must go: False)
DEBUG 2026-07-31 22:18:14 t_client.py:477 Control loop (ms): 4000.07
DEBUG 2026-07-31 22:18:14 follower.py:188 follower0 SOFollower read state: 1.8ms
DEBUG 2026-07-31 22:18:14 follower.py:196 follower0 SOFollower read base_0_rgb: 0.0ms
DEBUG 2026-07-31 22:18:14 follower.py:196 follower0 SOFollower read left_wrist_0_rgb: 0.0ms
DEBUG 2026-07-31 22:18:14 t_client.py:198 Observation serialization time: 0.000673s
DEBUG 2026-07-31 22:18:14 ort/utils.py:54 [CLIENT] Observation Buffer size 1.7583789825439453 MB with
DEBUG 2026-07-31 22:18:14 ort/utils.py:69 [CLIENT] Observation Sent 1843794/1843794 bytes with state 3
DEBUG 2026-07-31 22:18:14 ort/utils.py:71 [CLIENT] Observation Published 1.7583789825439453 MB
DEBUG 2026-07-31 22:18:14 t_client.py:292 Received actions on device: cpu
DEBUG 2026-07-31 22:18:14 t_client.py:302 Actions kept on device: cpu
DEBUG 2026-07-31 22:18:21 t_client.py:209 Sent observation #422 | 
DEBUG 2026-07-31 22:18:21 t_client.py:434 QUEUE SIZE: 24 (Must go: False)
DEBUG 2026-07-31 22:18:21 t_client.py:477 Control loop (ms): 6972.20
DEBUG 2026-07-31 22:18:21 t_client.py:477 Control loop (ms): 2.35
DEBUG 2026-07-31 22:18:21 t_client.py:477 Control loop (ms): 2.62
DEBUG 2026-07-31 22:18:21 t_client.py:477 Control loop (ms): 2.74
DEBUG 2026-07-31 22:18:21 t_client.py:477 Control loop (ms): 2.30
DEBUG 2026-07-31 22:18:21 t_client.py:477 Control loop (ms): 1.83
DEBUG 2026-07-31 22:18:21 t_client.py:477 Control loop (ms): 1.76
DEBUG 2026-07-31 22:18:21 t_client.py:477 Control loop (ms): 1.91
DEBUG 2026-07-31 22:18:21 t_client.py:477 Control loop (ms): 1.83
DEBUG 2026-07-31 22:18:21 t_client.py:477 Control loop (ms): 1.75
DEBUG 2026-07-31 22:18:21 t_client.py:477 Control loop (ms): 1.76
DEBUG 2026-07-31 22:18:21 t_client.py:292 Received actions on device: cpu
DEBUG 2026-07-31 22:18:21 t_client.py:302 Actions kept on device: cpu
DEBUG 2026-07-31 22:18:21 t_client.py:477 Control loop (ms): 1.74
DEBUG 2026-07-31 22:18:21 t_client.py:477 Control loop (ms): 2.00
DEBUG 2026-07-31 22:18:21 t_client.py:477 Control loop (ms): 1.81
DEBUG 2026-07-31 22:18:21 t_client.py:477 Control loop (ms): 1.58
DEBUG 2026-07-31 22:18:21 t_client.py:477 Control loop (ms): 2.10
DEBUG 2026-07-31 22:18:21 t_client.py:477 Control loop (ms): 1.64
DEBUG 2026-07-31 22:18:21 t_client.py:477 Control loop (ms): 1.81
DEBUG 2026-07-31 22:18:21 t_client.py:477 Control loop (ms): 2.04
DEBUG 2026-07-31 22:18:21 t_client.py:477 Control loop (ms): 2.38
DEBUG 2026-07-31 22:18:21 t_client.py:477 Control loop (ms): 1.72
DEBUG 2026-07-31 22:18:21 t_client.py:477 Control loop (ms): 1.75
DEBUG 2026-07-31 22:18:22 t_client.py:477 Control loop (ms): 1.60
DEBUG 2026-07-31 22:18:22 t_client.py:477 Control loop (ms): 1.93
DEBUG 2026-07-31 22:18:22 follower.py:188 follower0 SOFollower read state: 1.4ms
DEBUG 2026-07-31 22:18:22 follower.py:196 follower0 SOFollower read base_0_rgb: 0.0ms
DEBUG 2026-07-31 22:18:22 follower.py:196 follower0 SOFollower read left_wrist_0_rgb: 0.0ms
DEBUG 2026-07-31 22:18:22 t_client.py:198 Observation serialization time: 0.000442s
DEBUG 2026-07-31 22:18:22 ort/utils.py:54 [CLIENT] Observation Buffer size 1.7583789825439453 MB with
DEBUG 2026-07-31 22:18:22 ort/utils.py:69 [CLIENT] Observation Sent 1843794/1843794 bytes with state 3
DEBUG 2026-07-31 22:18:22 ort/utils.py:71 [CLIENT] Observation Published 1.7583789825439453 MB
DEBUG 2026-07-31 22:18:30 t_client.py:209 Sent observation #446 | 
DEBUG 2026-07-31 22:18:30 t_client.py:434 QUEUE SIZE: 25 (Must go: False)
DEBUG 2026-07-31 22:18:30 t_client.py:477 Control loop (ms): 7993.19
DEBUG 2026-07-31 22:18:30 follower.py:188 follower0 SOFollower read state: 1.7ms
DEBUG 2026-07-31 22:18:30 follower.py:196 follower0 SOFollower read base_0_rgb: 0.0ms
DEBUG 2026-07-31 22:18:30 follower.py:196 follower0 SOFollower read left_wrist_0_rgb: 0.0ms
DEBUG 2026-07-31 22:18:30 t_client.py:198 Observation serialization time: 0.000515s
DEBUG 2026-07-31 22:18:30 ort/utils.py:54 [CLIENT] Observation Buffer size 1.7583789825439453 MB with
DEBUG 2026-07-31 22:18:30 ort/utils.py:69 [CLIENT] Observation Sent 1843794/1843794 bytes with state 3
DEBUG 2026-07-31 22:18:30 ort/utils.py:71 [CLIENT] Observation Published 1.7583789825439453 MB
DEBUG 2026-07-31 22:18:30 t_client.py:292 Received actions on device: cpu
DEBUG 2026-07-31 22:18:30 t_client.py:302 Actions kept on device: cpu
DEBUG 2026-07-31 22:18:35 t_client.py:209 Sent observation #447 | 
DEBUG 2026-07-31 22:18:35 t_client.py:434 QUEUE SIZE: 24 (Must go: False)
DEBUG 2026-07-31 22:18:35 t_client.py:477 Control loop (ms): 5857.60
DEBUG 2026-07-31 22:18:35 t_client.py:477 Control loop (ms): 2.28
DEBUG 2026-07-31 22:18:35 t_client.py:477 Control loop (ms): 2.17
DEBUG 2026-07-31 22:18:36 t_client.py:477 Control loop (ms): 2.00
DEBUG 2026-07-31 22:18:36 t_client.py:477 Control loop (ms): 1.85
DEBUG 2026-07-31 22:18:36 t_client.py:477 Control loop (ms): 1.80
DEBUG 2026-07-31 22:18:36 t_client.py:477 Control loop (ms): 1.63
DEBUG 2026-07-31 22:18:36 t_client.py:477 Control loop (ms): 1.65
DEBUG 2026-07-31 22:18:36 t_client.py:477 Control loop (ms): 1.99
DEBUG 2026-07-31 22:18:36 t_client.py:477 Control loop (ms): 1.82
DEBUG 2026-07-31 22:18:36 t_client.py:477 Control loop (ms): 1.87
DEBUG 2026-07-31 22:18:36 t_client.py:477 Control loop (ms): 1.91
DEBUG 2026-07-31 22:18:36 t_client.py:477 Control loop (ms): 1.96
DEBUG 2026-07-31 22:18:36 t_client.py:477 Control loop (ms): 1.88
DEBUG 2026-07-31 22:18:36 t_client.py:477 Control loop (ms): 2.09
DEBUG 2026-07-31 22:18:36 t_client.py:477 Control loop (ms): 1.78
DEBUG 2026-07-31 22:18:36 t_client.py:477 Control loop (ms): 1.87
DEBUG 2026-07-31 22:18:36 t_client.py:477 Control loop (ms): 1.89
DEBUG 2026-07-31 22:18:36 t_client.py:292 Received actions on device: cpu
DEBUG 2026-07-31 22:18:36 t_client.py:302 Actions kept on device: cpu
DEBUG 2026-07-31 22:18:36 t_client.py:477 Control loop (ms): 1.70
DEBUG 2026-07-31 22:18:36 t_client.py:477 Control loop (ms): 2.03
DEBUG 2026-07-31 22:18:36 t_client.py:477 Control loop (ms): 1.98
DEBUG 2026-07-31 22:18:36 t_client.py:477 Control loop (ms): 2.02
DEBUG 2026-07-31 22:18:36 t_client.py:477 Control loop (ms): 2.21
DEBUG 2026-07-31 22:18:36 t_client.py:477 Control loop (ms): 1.95
DEBUG 2026-07-31 22:18:36 follower.py:188 follower0 SOFollower read state: 1.5ms
DEBUG 2026-07-31 22:18:36 follower.py:196 follower0 SOFollower read base_0_rgb: 0.0ms
DEBUG 2026-07-31 22:18:36 follower.py:196 follower0 SOFollower read left_wrist_0_rgb: 0.0ms
DEBUG 2026-07-31 22:18:36 t_client.py:198 Observation serialization time: 0.000554s
DEBUG 2026-07-31 22:18:36 ort/utils.py:54 [CLIENT] Observation Buffer size 1.7583789825439453 MB with
DEBUG 2026-07-31 22:18:36 ort/utils.py:69 [CLIENT] Observation Sent 1843794/1843794 bytes with state 3
DEBUG 2026-07-31 22:18:36 ort/utils.py:71 [CLIENT] Observation Published 1.7583789825439453 MB
DEBUG 2026-07-31 22:18:40 t_client.py:209 Sent observation #471 | 
DEBUG 2026-07-31 22:18:40 t_client.py:434 QUEUE SIZE: 25 (Must go: False)
DEBUG 2026-07-31 22:18:40 t_client.py:477 Control loop (ms): 4287.52
DEBUG 2026-07-31 22:18:40 follower.py:188 follower0 SOFollower read state: 1.6ms
DEBUG 2026-07-31 22:18:40 follower.py:196 follower0 SOFollower read base_0_rgb: 0.0ms
DEBUG 2026-07-31 22:18:40 follower.py:196 follower0 SOFollower read left_wrist_0_rgb: 0.0ms
DEBUG 2026-07-31 22:18:40 t_client.py:198 Observation serialization time: 0.000600s
DEBUG 2026-07-31 22:18:40 ort/utils.py:54 [CLIENT] Observation Buffer size 1.7583789825439453 MB with
DEBUG 2026-07-31 22:18:41 ort/utils.py:69 [CLIENT] Observation Sent 1843794/1843794 bytes with state 3
DEBUG 2026-07-31 22:18:41 ort/utils.py:71 [CLIENT] Observation Published 1.7583789825439453 MB
DEBUG 2026-07-31 22:18:41 t_client.py:292 Received actions on device: cpu
DEBUG 2026-07-31 22:18:41 t_client.py:302 Actions kept on device: cpu
DEBUG 2026-07-31 22:18:46 t_client.py:209 Sent observation #472 | 
DEBUG 2026-07-31 22:18:46 t_client.py:434 QUEUE SIZE: 24 (Must go: False)
DEBUG 2026-07-31 22:18:46 t_client.py:477 Control loop (ms): 5211.34
DEBUG 2026-07-31 22:18:46 t_client.py:477 Control loop (ms): 2.46
DEBUG 2026-07-31 22:18:46 t_client.py:477 Control loop (ms): 2.32
DEBUG 2026-07-31 22:18:46 t_client.py:477 Control loop (ms): 2.35
DEBUG 2026-07-31 22:18:46 t_client.py:477 Control loop (ms): 1.97
DEBUG 2026-07-31 22:18:46 t_client.py:477 Control loop (ms): 1.80
DEBUG 2026-07-31 22:18:46 t_client.py:477 Control loop (ms): 1.81
DEBUG 2026-07-31 22:18:46 t_client.py:477 Control loop (ms): 2.16
DEBUG 2026-07-31 22:18:46 t_client.py:477 Control loop (ms): 1.75
DEBUG 2026-07-31 22:18:46 t_client.py:477 Control loop (ms): 1.85
DEBUG 2026-07-31 22:18:46 t_client.py:477 Control loop (ms): 1.78
DEBUG 2026-07-31 22:18:46 t_client.py:477 Control loop (ms): 1.68
DEBUG 2026-07-31 22:18:46 t_client.py:477 Control loop (ms): 1.62
DEBUG 2026-07-31 22:18:46 t_client.py:477 Control loop (ms): 1.81
DEBUG 2026-07-31 22:18:46 t_client.py:477 Control loop (ms): 2.00
DEBUG 2026-07-31 22:18:46 t_client.py:477 Control loop (ms): 2.03
DEBUG 2026-07-31 22:18:46 t_client.py:477 Control loop (ms): 1.74
DEBUG 2026-07-31 22:18:46 t_client.py:477 Control loop (ms): 2.02
DEBUG 2026-07-31 22:18:46 t_client.py:477 Control loop (ms): 1.87
DEBUG 2026-07-31 22:18:46 t_client.py:477 Control loop (ms): 1.80
DEBUG 2026-07-31 22:18:46 t_client.py:477 Control loop (ms): 1.94
DEBUG 2026-07-31 22:18:46 t_client.py:477 Control loop (ms): 2.37
DEBUG 2026-07-31 22:18:46 t_client.py:477 Control loop (ms): 1.86
DEBUG 2026-07-31 22:18:46 follower.py:188 follower0 SOFollower read state: 1.4ms
DEBUG 2026-07-31 22:18:46 follower.py:196 follower0 SOFollower read base_0_rgb: 0.0ms
DEBUG 2026-07-31 22:18:46 follower.py:196 follower0 SOFollower read left_wrist_0_rgb: 0.0ms
DEBUG 2026-07-31 22:18:46 t_client.py:198 Observation serialization time: 0.000513s
DEBUG 2026-07-31 22:18:46 ort/utils.py:54 [CLIENT] Observation Buffer size 1.7583789825439453 MB with
DEBUG 2026-07-31 22:18:46 ort/utils.py:69 [CLIENT] Observation Sent 1843794/1843794 bytes with state 3
DEBUG 2026-07-31 22:18:46 ort/utils.py:71 [CLIENT] Observation Published 1.7583789825439453 MB
DEBUG 2026-07-31 22:18:53 t_client.py:209 Sent observation #495 | 
DEBUG 2026-07-31 22:18:53 t_client.py:434 QUEUE SIZE: 25 (Must go: False)
DEBUG 2026-07-31 22:18:53 t_client.py:477 Control loop (ms): 6455.33
DEBUG 2026-07-31 22:18:53 follower.py:188 follower0 SOFollower read state: 1.5ms
DEBUG 2026-07-31 22:18:53 follower.py:196 follower0 SOFollower read base_0_rgb: 0.0ms
DEBUG 2026-07-31 22:18:53 follower.py:196 follower0 SOFollower read left_wrist_0_rgb: 0.0ms
DEBUG 2026-07-31 22:18:53 t_client.py:198 Observation serialization time: 0.000605s
DEBUG 2026-07-31 22:18:53 ort/utils.py:54 [CLIENT] Observation Buffer size 1.7583789825439453 MB with
DEBUG 2026-07-31 22:18:53 ort/utils.py:69 [CLIENT] Observation Sent 1843794/1843794 bytes with state 3
DEBUG 2026-07-31 22:18:53 ort/utils.py:71 [CLIENT] Observation Published 1.7583789825439453 MB
DEBUG 2026-07-31 22:18:53 t_client.py:292 Received actions on device: cpu
DEBUG 2026-07-31 22:18:53 t_client.py:302 Actions kept on device: cpu
DEBUG 2026-07-31 22:18:59 t_client.py:209 Sent observation #496 | 
DEBUG 2026-07-31 22:18:59 t_client.py:434 QUEUE SIZE: 24 (Must go: False)
DEBUG 2026-07-31 22:18:59 t_client.py:477 Control loop (ms): 5764.88
DEBUG 2026-07-31 22:18:59 t_client.py:477 Control loop (ms): 2.31
DEBUG 2026-07-31 22:18:59 t_client.py:477 Control loop (ms): 2.72
DEBUG 2026-07-31 22:18:59 t_client.py:477 Control loop (ms): 2.22
DEBUG 2026-07-31 22:18:59 t_client.py:477 Control loop (ms): 2.53
DEBUG 2026-07-31 22:18:59 t_client.py:477 Control loop (ms): 1.79
DEBUG 2026-07-31 22:18:59 t_client.py:477 Control loop (ms): 1.72
DEBUG 2026-07-31 22:18:59 t_client.py:477 Control loop (ms): 1.90
DEBUG 2026-07-31 22:18:59 t_client.py:477 Control loop (ms): 1.90
DEBUG 2026-07-31 22:18:59 t_client.py:477 Control loop (ms): 1.70
DEBUG 2026-07-31 22:18:59 t_client.py:477 Control loop (ms): 2.05
DEBUG 2026-07-31 22:18:59 t_client.py:477 Control loop (ms): 1.89
DEBUG 2026-07-31 22:18:59 t_client.py:477 Control loop (ms): 1.72
DEBUG 2026-07-31 22:18:59 t_client.py:477 Control loop (ms): 1.72
DEBUG 2026-07-31 22:18:59 t_client.py:477 Control loop (ms): 1.76
DEBUG 2026-07-31 22:18:59 t_client.py:477 Control loop (ms): 1.74
DEBUG 2026-07-31 22:18:59 t_client.py:477 Control loop (ms): 1.95
DEBUG 2026-07-31 22:18:59 t_client.py:477 Control loop (ms): 1.71
DEBUG 2026-07-31 22:18:59 t_client.py:292 Received actions on device: cpu
DEBUG 2026-07-31 22:18:59 t_client.py:302 Actions kept on device: cpu
DEBUG 2026-07-31 22:18:59 t_client.py:477 Control loop (ms): 1.82
DEBUG 2026-07-31 22:18:59 t_client.py:477 Control loop (ms): 1.63
DEBUG 2026-07-31 22:18:59 t_client.py:477 Control loop (ms): 1.67
DEBUG 2026-07-31 22:18:59 t_client.py:477 Control loop (ms): 1.83
DEBUG 2026-07-31 22:18:59 t_client.py:477 Control loop (ms): 2.00
DEBUG 2026-07-31 22:18:59 t_client.py:477 Control loop (ms): 1.65
DEBUG 2026-07-31 22:18:59 follower.py:188 follower0 SOFollower read state: 1.5ms
DEBUG 2026-07-31 22:18:59 follower.py:196 follower0 SOFollower read base_0_rgb: 0.0ms
DEBUG 2026-07-31 22:18:59 follower.py:196 follower0 SOFollower read left_wrist_0_rgb: 0.0ms
DEBUG 2026-07-31 22:18:59 t_client.py:198 Observation serialization time: 0.000514s
DEBUG 2026-07-31 22:18:59 ort/utils.py:54 [CLIENT] Observation Buffer size 1.7583789825439453 MB with
DEBUG 2026-07-31 22:18:59 ort/utils.py:69 [CLIENT] Observation Sent 1843794/1843794 bytes with state 3
DEBUG 2026-07-31 22:18:59 ort/utils.py:71 [CLIENT] Observation Published 1.7583789825439453 MB
DEBUG 2026-07-31 22:19:05 t_client.py:209 Sent observation #520 | 
DEBUG 2026-07-31 22:19:05 t_client.py:434 QUEUE SIZE: 25 (Must go: False)
DEBUG 2026-07-31 22:19:05 t_client.py:477 Control loop (ms): 5941.48
DEBUG 2026-07-31 22:19:05 follower.py:188 follower0 SOFollower read state: 1.8ms
DEBUG 2026-07-31 22:19:05 follower.py:196 follower0 SOFollower read base_0_rgb: 0.0ms
DEBUG 2026-07-31 22:19:05 follower.py:196 follower0 SOFollower read left_wrist_0_rgb: 0.0ms
DEBUG 2026-07-31 22:19:05 t_client.py:198 Observation serialization time: 0.000504s
DEBUG 2026-07-31 22:19:05 ort/utils.py:54 [CLIENT] Observation Buffer size 1.7583789825439453 MB with
DEBUG 2026-07-31 22:19:05 ort/utils.py:69 [CLIENT] Observation Sent 1843794/1843794 bytes with state 3
DEBUG 2026-07-31 22:19:05 ort/utils.py:71 [CLIENT] Observation Published 1.7583789825439453 MB
DEBUG 2026-07-31 22:19:06 t_client.py:292 Received actions on device: cpu
DEBUG 2026-07-31 22:19:06 t_client.py:302 Actions kept on device: cpu
DEBUG 2026-07-31 22:19:11 t_client.py:209 Sent observation #521 | 
DEBUG 2026-07-31 22:19:11 t_client.py:434 QUEUE SIZE: 24 (Must go: False)
DEBUG 2026-07-31 22:19:11 t_client.py:477 Control loop (ms): 5281.48
DEBUG 2026-07-31 22:19:11 t_client.py:477 Control loop (ms): 2.46
DEBUG 2026-07-31 22:19:11 t_client.py:477 Control loop (ms): 1.97
DEBUG 2026-07-31 22:19:11 t_client.py:477 Control loop (ms): 1.94
DEBUG 2026-07-31 22:19:11 t_client.py:477 Control loop (ms): 1.92
DEBUG 2026-07-31 22:19:11 t_client.py:477 Control loop (ms): 1.98
DEBUG 2026-07-31 22:19:11 t_client.py:477 Control loop (ms): 2.03
DEBUG 2026-07-31 22:19:11 t_client.py:477 Control loop (ms): 1.90
DEBUG 2026-07-31 22:19:11 t_client.py:477 Control loop (ms): 2.01
DEBUG 2026-07-31 22:19:11 t_client.py:477 Control loop (ms): 1.73
DEBUG 2026-07-31 22:19:11 t_client.py:292 Received actions on device: cpu
DEBUG 2026-07-31 22:19:11 t_client.py:302 Actions kept on device: cpu
DEBUG 2026-07-31 22:19:11 t_client.py:477 Control loop (ms): 1.80
DEBUG 2026-07-31 22:19:11 t_client.py:477 Control loop (ms): 2.25
DEBUG 2026-07-31 22:19:11 t_client.py:477 Control loop (ms): 1.99
DEBUG 2026-07-31 22:19:11 t_client.py:477 Control loop (ms): 1.79
DEBUG 2026-07-31 22:19:11 t_client.py:477 Control loop (ms): 1.72
DEBUG 2026-07-31 22:19:11 t_client.py:477 Control loop (ms): 1.90
DEBUG 2026-07-31 22:19:11 t_client.py:477 Control loop (ms): 1.84
DEBUG 2026-07-31 22:19:11 t_client.py:477 Control loop (ms): 1.96
DEBUG 2026-07-31 22:19:11 t_client.py:477 Control loop (ms): 1.63
DEBUG 2026-07-31 22:19:11 t_client.py:477 Control loop (ms): 1.75
DEBUG 2026-07-31 22:19:11 t_client.py:477 Control loop (ms): 1.71
DEBUG 2026-07-31 22:19:11 t_client.py:477 Control loop (ms): 2.03
DEBUG 2026-07-31 22:19:11 t_client.py:477 Control loop (ms): 1.92
DEBUG 2026-07-31 22:19:11 t_client.py:477 Control loop (ms): 2.04
DEBUG 2026-07-31 22:19:11 follower.py:188 follower0 SOFollower read state: 1.4ms
DEBUG 2026-07-31 22:19:11 follower.py:196 follower0 SOFollower read base_0_rgb: 0.0ms
DEBUG 2026-07-31 22:19:11 follower.py:196 follower0 SOFollower read left_wrist_0_rgb: 0.0ms
DEBUG 2026-07-31 22:19:11 t_client.py:198 Observation serialization time: 0.000451s
DEBUG 2026-07-31 22:19:11 ort/utils.py:54 [CLIENT] Observation Buffer size 1.7583789825439453 MB with
DEBUG 2026-07-31 22:19:11 ort/utils.py:69 [CLIENT] Observation Sent 1843794/1843794 bytes with state 3
DEBUG 2026-07-31 22:19:11 ort/utils.py:71 [CLIENT] Observation Published 1.7583789825439453 MB
DEBUG 2026-07-31 22:19:18 t_client.py:209 Sent observation #545 | 
DEBUG 2026-07-31 22:19:18 t_client.py:434 QUEUE SIZE: 25 (Must go: False)
DEBUG 2026-07-31 22:19:18 t_client.py:477 Control loop (ms): 6431.28
DEBUG 2026-07-31 22:19:18 follower.py:188 follower0 SOFollower read state: 1.5ms
DEBUG 2026-07-31 22:19:18 follower.py:196 follower0 SOFollower read base_0_rgb: 0.0ms
DEBUG 2026-07-31 22:19:18 follower.py:196 follower0 SOFollower read left_wrist_0_rgb: 0.0ms
DEBUG 2026-07-31 22:19:18 t_client.py:198 Observation serialization time: 0.000597s
DEBUG 2026-07-31 22:19:18 ort/utils.py:54 [CLIENT] Observation Buffer size 1.7583789825439453 MB with
DEBUG 2026-07-31 22:19:18 ort/utils.py:69 [CLIENT] Observation Sent 1843794/1843794 bytes with state 3
DEBUG 2026-07-31 22:19:18 ort/utils.py:71 [CLIENT] Observation Published 1.7583789825439453 MB
DEBUG 2026-07-31 22:19:18 t_client.py:292 Received actions on device: cpu
DEBUG 2026-07-31 22:19:18 t_client.py:302 Actions kept on device: cpu
DEBUG 2026-07-31 22:19:25 t_client.py:209 Sent observation #546 | 
DEBUG 2026-07-31 22:19:25 t_client.py:434 QUEUE SIZE: 24 (Must go: False)
DEBUG 2026-07-31 22:19:25 t_client.py:477 Control loop (ms): 7207.70
DEBUG 2026-07-31 22:19:25 t_client.py:477 Control loop (ms): 2.34
DEBUG 2026-07-31 22:19:25 t_client.py:477 Control loop (ms): 2.14
DEBUG 2026-07-31 22:19:25 t_client.py:477 Control loop (ms): 2.21
DEBUG 2026-07-31 22:19:25 t_client.py:477 Control loop (ms): 1.94
DEBUG 2026-07-31 22:19:25 t_client.py:477 Control loop (ms): 2.11
DEBUG 2026-07-31 22:19:25 t_client.py:477 Control loop (ms): 2.05
DEBUG 2026-07-31 22:19:25 t_client.py:477 Control loop (ms): 2.23
DEBUG 2026-07-31 22:19:25 t_client.py:477 Control loop (ms): 2.24
DEBUG 2026-07-31 22:19:25 t_client.py:477 Control loop (ms): 2.10
DEBUG 2026-07-31 22:19:25 t_client.py:477 Control loop (ms): 2.00
DEBUG 2026-07-31 22:19:25 t_client.py:477 Control loop (ms): 1.88
DEBUG 2026-07-31 22:19:25 t_client.py:477 Control loop (ms): 1.98
DEBUG 2026-07-31 22:19:25 t_client.py:477 Control loop (ms): 1.83
DEBUG 2026-07-31 22:19:25 t_client.py:477 Control loop (ms): 1.79
DEBUG 2026-07-31 22:19:26 t_client.py:477 Control loop (ms): 1.78
DEBUG 2026-07-31 22:19:26 t_client.py:477 Control loop (ms): 2.06
DEBUG 2026-07-31 22:19:26 t_client.py:477 Control loop (ms): 2.04
DEBUG 2026-07-31 22:19:26 t_client.py:477 Control loop (ms): 1.63
DEBUG 2026-07-31 22:19:26 t_client.py:477 Control loop (ms): 2.02
DEBUG 2026-07-31 22:19:26 t_client.py:292 Received actions on device: cpu
DEBUG 2026-07-31 22:19:26 t_client.py:302 Actions kept on device: cpu
DEBUG 2026-07-31 22:19:26 t_client.py:477 Control loop (ms): 3.28
DEBUG 2026-07-31 22:19:26 t_client.py:477 Control loop (ms): 1.87
DEBUG 2026-07-31 22:19:26 t_client.py:477 Control loop (ms): 1.97
DEBUG 2026-07-31 22:19:26 t_client.py:477 Control loop (ms): 1.77
DEBUG 2026-07-31 22:19:26 t_client.py:477 Control loop (ms): 1.85
DEBUG 2026-07-31 22:19:26 follower.py:188 follower0 SOFollower read state: 1.5ms
DEBUG 2026-07-31 22:19:26 follower.py:196 follower0 SOFollower read base_0_rgb: 0.0ms
DEBUG 2026-07-31 22:19:26 follower.py:196 follower0 SOFollower read left_wrist_0_rgb: 0.0ms
DEBUG 2026-07-31 22:19:26 t_client.py:198 Observation serialization time: 0.000579s
DEBUG 2026-07-31 22:19:26 ort/utils.py:54 [CLIENT] Observation Buffer size 1.7583789825439453 MB with
DEBUG 2026-07-31 22:19:26 ort/utils.py:69 [CLIENT] Observation Sent 1843794/1843794 bytes with state 3
DEBUG 2026-07-31 22:19:26 ort/utils.py:71 [CLIENT] Observation Published 1.7583789825439453 MB
DEBUG 2026-07-31 22:19:33 t_client.py:209 Sent observation #570 | 
DEBUG 2026-07-31 22:19:33 t_client.py:434 QUEUE SIZE: 25 (Must go: False)
DEBUG 2026-07-31 22:19:33 t_client.py:477 Control loop (ms): 7145.21
DEBUG 2026-07-31 22:19:33 follower.py:188 follower0 SOFollower read state: 1.6ms
DEBUG 2026-07-31 22:19:33 follower.py:196 follower0 SOFollower read base_0_rgb: 0.0ms
DEBUG 2026-07-31 22:19:33 follower.py:196 follower0 SOFollower read left_wrist_0_rgb: 0.0ms
DEBUG 2026-07-31 22:19:33 t_client.py:198 Observation serialization time: 0.000541s
DEBUG 2026-07-31 22:19:33 ort/utils.py:54 [CLIENT] Observation Buffer size 1.7583789825439453 MB with
DEBUG 2026-07-31 22:19:33 ort/utils.py:69 [CLIENT] Observation Sent 1843794/1843794 bytes with state 3
DEBUG 2026-07-31 22:19:33 ort/utils.py:71 [CLIENT] Observation Published 1.7583789825439453 MB
DEBUG 2026-07-31 22:19:33 t_client.py:292 Received actions on device: cpu
DEBUG 2026-07-31 22:19:33 t_client.py:302 Actions kept on device: cpu
DEBUG 2026-07-31 22:19:38 t_client.py:209 Sent observation #571 | 
DEBUG 2026-07-31 22:19:38 t_client.py:434 QUEUE SIZE: 24 (Must go: False)
DEBUG 2026-07-31 22:19:38 t_client.py:477 Control loop (ms): 4619.92
DEBUG 2026-07-31 22:19:38 t_client.py:477 Control loop (ms): 1.79
DEBUG 2026-07-31 22:19:38 t_client.py:477 Control loop (ms): 2.06
DEBUG 2026-07-31 22:19:38 t_client.py:477 Control loop (ms): 2.12
DEBUG 2026-07-31 22:19:38 t_client.py:477 Control loop (ms): 2.31
DEBUG 2026-07-31 22:19:38 t_client.py:477 Control loop (ms): 2.23
DEBUG 2026-07-31 22:19:38 t_client.py:477 Control loop (ms): 1.91
DEBUG 2026-07-31 22:19:38 t_client.py:477 Control loop (ms): 1.86
DEBUG 2026-07-31 22:19:38 t_client.py:477 Control loop (ms): 1.69
DEBUG 2026-07-31 22:19:38 t_client.py:477 Control loop (ms): 1.81
DEBUG 2026-07-31 22:19:38 t_client.py:477 Control loop (ms): 1.76
DEBUG 2026-07-31 22:19:38 t_client.py:292 Received actions on device: cpu
DEBUG 2026-07-31 22:19:38 t_client.py:302 Actions kept on device: cpu
DEBUG 2026-07-31 22:19:38 t_client.py:477 Control loop (ms): 1.79
DEBUG 2026-07-31 22:19:38 t_client.py:477 Control loop (ms): 1.89
DEBUG 2026-07-31 22:19:38 t_client.py:477 Control loop (ms): 1.90
DEBUG 2026-07-31 22:19:38 t_client.py:477 Control loop (ms): 1.93
DEBUG 2026-07-31 22:19:38 t_client.py:477 Control loop (ms): 1.95
DEBUG 2026-07-31 22:19:38 t_client.py:477 Control loop (ms): 2.00
DEBUG 2026-07-31 22:19:38 t_client.py:477 Control loop (ms): 1.87
DEBUG 2026-07-31 22:19:38 t_client.py:477 Control loop (ms): 1.86
DEBUG 2026-07-31 22:19:38 t_client.py:477 Control loop (ms): 1.94
DEBUG 2026-07-31 22:19:38 t_client.py:477 Control loop (ms): 1.71
DEBUG 2026-07-31 22:19:38 t_client.py:477 Control loop (ms): 1.71
DEBUG 2026-07-31 22:19:38 t_client.py:477 Control loop (ms): 2.21
DEBUG 2026-07-31 22:19:38 t_client.py:477 Control loop (ms): 1.82
DEBUG 2026-07-31 22:19:38 follower.py:188 follower0 SOFollower read state: 1.5ms
DEBUG 2026-07-31 22:19:38 follower.py:196 follower0 SOFollower read base_0_rgb: 0.0ms
DEBUG 2026-07-31 22:19:38 follower.py:196 follower0 SOFollower read left_wrist_0_rgb: 0.0ms
DEBUG 2026-07-31 22:19:38 t_client.py:198 Observation serialization time: 0.000498s
DEBUG 2026-07-31 22:19:38 ort/utils.py:54 [CLIENT] Observation Buffer size 1.7583789825439453 MB with
DEBUG 2026-07-31 22:19:38 ort/utils.py:69 [CLIENT] Observation Sent 1843794/1843794 bytes with state 3
DEBUG 2026-07-31 22:19:38 ort/utils.py:71 [CLIENT] Observation Published 1.7583789825439453 MB
DEBUG 2026-07-31 22:19:43 t_client.py:209 Sent observation #595 | 
DEBUG 2026-07-31 22:19:43 t_client.py:434 QUEUE SIZE: 25 (Must go: False)
DEBUG 2026-07-31 22:19:43 t_client.py:477 Control loop (ms): 4695.50
DEBUG 2026-07-31 22:19:43 follower.py:188 follower0 SOFollower read state: 1.5ms
DEBUG 2026-07-31 22:19:43 follower.py:196 follower0 SOFollower read base_0_rgb: 0.0ms
DEBUG 2026-07-31 22:19:43 follower.py:196 follower0 SOFollower read left_wrist_0_rgb: 0.0ms
DEBUG 2026-07-31 22:19:43 t_client.py:198 Observation serialization time: 0.000495s
DEBUG 2026-07-31 22:19:43 ort/utils.py:54 [CLIENT] Observation Buffer size 1.7583789825439453 MB with
DEBUG 2026-07-31 22:19:43 ort/utils.py:69 [CLIENT] Observation Sent 1843794/1843794 bytes with state 3
DEBUG 2026-07-31 22:19:43 ort/utils.py:71 [CLIENT] Observation Published 1.7583789825439453 MB
DEBUG 2026-07-31 22:19:43 t_client.py:292 Received actions on device: cpu
DEBUG 2026-07-31 22:19:43 t_client.py:302 Actions kept on device: cpu
DEBUG 2026-07-31 22:19:48 t_client.py:209 Sent observation #596 | 
DEBUG 2026-07-31 22:19:48 t_client.py:434 QUEUE SIZE: 24 (Must go: False)
DEBUG 2026-07-31 22:19:48 t_client.py:477 Control loop (ms): 4970.45
DEBUG 2026-07-31 22:19:48 t_client.py:477 Control loop (ms): 2.00
DEBUG 2026-07-31 22:19:48 t_client.py:477 Control loop (ms): 2.14
DEBUG 2026-07-31 22:19:48 t_client.py:477 Control loop (ms): 1.89
DEBUG 2026-07-31 22:19:48 t_client.py:477 Control loop (ms): 2.12
DEBUG 2026-07-31 22:19:48 t_client.py:477 Control loop (ms): 2.05
DEBUG 2026-07-31 22:19:48 t_client.py:477 Control loop (ms): 2.28
DEBUG 2026-07-31 22:19:48 t_client.py:477 Control loop (ms): 1.83
DEBUG 2026-07-31 22:19:48 t_client.py:477 Control loop (ms): 1.77
DEBUG 2026-07-31 22:19:48 t_client.py:477 Control loop (ms): 1.83
DEBUG 2026-07-31 22:19:48 t_client.py:292 Received actions on device: cpu
DEBUG 2026-07-31 22:19:48 t_client.py:302 Actions kept on device: cpu
DEBUG 2026-07-31 22:19:48 t_client.py:477 Control loop (ms): 1.89
DEBUG 2026-07-31 22:19:48 t_client.py:477 Control loop (ms): 1.99
DEBUG 2026-07-31 22:19:48 t_client.py:477 Control loop (ms): 1.81
DEBUG 2026-07-31 22:19:48 t_client.py:477 Control loop (ms): 1.84
DEBUG 2026-07-31 22:19:48 t_client.py:477 Control loop (ms): 1.81
DEBUG 2026-07-31 22:19:49 t_client.py:477 Control loop (ms): 1.88
DEBUG 2026-07-31 22:19:49 t_client.py:477 Control loop (ms): 1.77
DEBUG 2026-07-31 22:19:49 t_client.py:477 Control loop (ms): 1.72
DEBUG 2026-07-31 22:19:49 t_client.py:477 Control loop (ms): 1.95
DEBUG 2026-07-31 22:19:49 t_client.py:477 Control loop (ms): 2.26
DEBUG 2026-07-31 22:19:49 t_client.py:477 Control loop (ms): 2.17
DEBUG 2026-07-31 22:19:49 t_client.py:477 Control loop (ms): 2.10
DEBUG 2026-07-31 22:19:49 t_client.py:477 Control loop (ms): 1.87
DEBUG 2026-07-31 22:19:49 t_client.py:477 Control loop (ms): 2.00
DEBUG 2026-07-31 22:19:49 follower.py:188 follower0 SOFollower read state: 1.4ms
DEBUG 2026-07-31 22:19:49 follower.py:196 follower0 SOFollower read base_0_rgb: 0.0ms
DEBUG 2026-07-31 22:19:49 follower.py:196 follower0 SOFollower read left_wrist_0_rgb: 0.0ms
DEBUG 2026-07-31 22:19:49 t_client.py:198 Observation serialization time: 0.000470s
DEBUG 2026-07-31 22:19:49 ort/utils.py:54 [CLIENT] Observation Buffer size 1.7583789825439453 MB with
DEBUG 2026-07-31 22:19:49 ort/utils.py:69 [CLIENT] Observation Sent 1843794/1843794 bytes with state 3
DEBUG 2026-07-31 22:19:49 ort/utils.py:71 [CLIENT] Observation Published 1.7583789825439453 MB
DEBUG 2026-07-31 22:19:53 t_client.py:209 Sent observation #620 | 
DEBUG 2026-07-31 22:19:53 t_client.py:434 QUEUE SIZE: 25 (Must go: False)
DEBUG 2026-07-31 22:19:53 t_client.py:477 Control loop (ms): 4176.73
DEBUG 2026-07-31 22:19:53 follower.py:188 follower0 SOFollower read state: 1.7ms
DEBUG 2026-07-31 22:19:53 follower.py:196 follower0 SOFollower read base_0_rgb: 0.0ms
DEBUG 2026-07-31 22:19:53 follower.py:196 follower0 SOFollower read left_wrist_0_rgb: 0.0ms
DEBUG 2026-07-31 22:19:53 t_client.py:198 Observation serialization time: 0.000573s
DEBUG 2026-07-31 22:19:53 ort/utils.py:54 [CLIENT] Observation Buffer size 1.7583789825439453 MB with
DEBUG 2026-07-31 22:19:53 ort/utils.py:69 [CLIENT] Observation Sent 1843794/1843794 bytes with state 3
DEBUG 2026-07-31 22:19:53 ort/utils.py:71 [CLIENT] Observation Published 1.7583789825439453 MB
DEBUG 2026-07-31 22:19:53 t_client.py:292 Received actions on device: cpu
DEBUG 2026-07-31 22:19:53 t_client.py:302 Actions kept on device: cpu
DEBUG 2026-07-31 22:19:59 t_client.py:209 Sent observation #621 | 
DEBUG 2026-07-31 22:19:59 t_client.py:434 QUEUE SIZE: 24 (Must go: False)
DEBUG 2026-07-31 22:19:59 t_client.py:477 Control loop (ms): 6396.11
DEBUG 2026-07-31 22:19:59 t_client.py:477 Control loop (ms): 1.84
DEBUG 2026-07-31 22:19:59 t_client.py:477 Control loop (ms): 2.07
DEBUG 2026-07-31 22:19:59 t_client.py:477 Control loop (ms): 1.98
DEBUG 2026-07-31 22:20:00 t_client.py:477 Control loop (ms): 1.78
DEBUG 2026-07-31 22:20:00 t_client.py:477 Control loop (ms): 1.80
DEBUG 2026-07-31 22:20:00 t_client.py:477 Control loop (ms): 1.91
DEBUG 2026-07-31 22:20:00 t_client.py:477 Control loop (ms): 1.98
DEBUG 2026-07-31 22:20:00 t_client.py:477 Control loop (ms): 1.86
DEBUG 2026-07-31 22:20:00 t_client.py:477 Control loop (ms): 2.02
DEBUG 2026-07-31 22:20:00 t_client.py:477 Control loop (ms): 1.85
DEBUG 2026-07-31 22:20:00 t_client.py:292 Received actions on device: cpu
DEBUG 2026-07-31 22:20:00 t_client.py:302 Actions kept on device: cpu
DEBUG 2026-07-31 22:20:00 t_client.py:477 Control loop (ms): 1.76
DEBUG 2026-07-31 22:20:00 t_client.py:477 Control loop (ms): 2.09
DEBUG 2026-07-31 22:20:00 t_client.py:477 Control loop (ms): 1.97
DEBUG 2026-07-31 22:20:00 t_client.py:477 Control loop (ms): 1.78
DEBUG 2026-07-31 22:20:00 t_client.py:477 Control loop (ms): 1.67
DEBUG 2026-07-31 22:20:00 t_client.py:477 Control loop (ms): 1.72
DEBUG 2026-07-31 22:20:00 t_client.py:477 Control loop (ms): 2.01
DEBUG 2026-07-31 22:20:00 t_client.py:477 Control loop (ms): 1.90
DEBUG 2026-07-31 22:20:00 t_client.py:477 Control loop (ms): 1.88
DEBUG 2026-07-31 22:20:00 t_client.py:477 Control loop (ms): 1.83
DEBUG 2026-07-31 22:20:00 t_client.py:477 Control loop (ms): 1.67
DEBUG 2026-07-31 22:20:00 t_client.py:477 Control loop (ms): 1.67
DEBUG 2026-07-31 22:20:00 t_client.py:477 Control loop (ms): 1.90
DEBUG 2026-07-31 22:20:00 follower.py:188 follower0 SOFollower read state: 1.7ms
DEBUG 2026-07-31 22:20:00 follower.py:196 follower0 SOFollower read base_0_rgb: 0.0ms
DEBUG 2026-07-31 22:20:00 follower.py:196 follower0 SOFollower read left_wrist_0_rgb: 0.0ms
DEBUG 2026-07-31 22:20:00 t_client.py:198 Observation serialization time: 0.000799s
DEBUG 2026-07-31 22:20:00 ort/utils.py:54 [CLIENT] Observation Buffer size 1.7583789825439453 MB with
DEBUG 2026-07-31 22:20:00 ort/utils.py:69 [CLIENT] Observation Sent 1843794/1843794 bytes with state 3
DEBUG 2026-07-31 22:20:00 ort/utils.py:71 [CLIENT] Observation Published 1.7583789825439453 MB
DEBUG 2026-07-31 22:20:06 t_client.py:209 Sent observation #645 | 
DEBUG 2026-07-31 22:20:06 t_client.py:434 QUEUE SIZE: 25 (Must go: False)
DEBUG 2026-07-31 22:20:06 t_client.py:477 Control loop (ms): 5904.86
DEBUG 2026-07-31 22:20:06 follower.py:188 follower0 SOFollower read state: 1.5ms
DEBUG 2026-07-31 22:20:06 follower.py:196 follower0 SOFollower read base_0_rgb: 0.0ms
DEBUG 2026-07-31 22:20:06 follower.py:196 follower0 SOFollower read left_wrist_0_rgb: 0.0ms
DEBUG 2026-07-31 22:20:06 t_client.py:198 Observation serialization time: 0.000587s
DEBUG 2026-07-31 22:20:06 ort/utils.py:54 [CLIENT] Observation Buffer size 1.7583789825439453 MB with
DEBUG 2026-07-31 22:20:06 ort/utils.py:69 [CLIENT] Observation Sent 1843794/1843794 bytes with state 3
DEBUG 2026-07-31 22:20:06 ort/utils.py:71 [CLIENT] Observation Published 1.7583789825439453 MB
DEBUG 2026-07-31 22:20:06 t_client.py:292 Received actions on device: cpu
DEBUG 2026-07-31 22:20:06 t_client.py:302 Actions kept on device: cpu
DEBUG 2026-07-31 22:20:11 t_client.py:209 Sent observation #646 | 
DEBUG 2026-07-31 22:20:11 t_client.py:434 QUEUE SIZE: 24 (Must go: False)
DEBUG 2026-07-31 22:20:11 t_client.py:477 Control loop (ms): 4615.37
DEBUG 2026-07-31 22:20:11 t_client.py:477 Control loop (ms): 2.04
DEBUG 2026-07-31 22:20:11 t_client.py:477 Control loop (ms): 1.94
DEBUG 2026-07-31 22:20:11 t_client.py:477 Control loop (ms): 1.78
DEBUG 2026-07-31 22:20:11 t_client.py:477 Control loop (ms): 1.85
DEBUG 2026-07-31 22:20:11 t_client.py:477 Control loop (ms): 1.92
DEBUG 2026-07-31 22:20:11 t_client.py:477 Control loop (ms): 2.07
DEBUG 2026-07-31 22:20:11 t_client.py:477 Control loop (ms): 1.90
DEBUG 2026-07-31 22:20:11 t_client.py:477 Control loop (ms): 1.81
DEBUG 2026-07-31 22:20:11 t_client.py:477 Control loop (ms): 1.86
DEBUG 2026-07-31 22:20:11 t_client.py:477 Control loop (ms): 2.02
DEBUG 2026-07-31 22:20:11 t_client.py:477 Control loop (ms): 1.85
DEBUG 2026-07-31 22:20:11 t_client.py:477 Control loop (ms): 1.74
DEBUG 2026-07-31 22:20:11 t_client.py:292 Received actions on device: cpu
DEBUG 2026-07-31 22:20:11 t_client.py:302 Actions kept on device: cpu
DEBUG 2026-07-31 22:20:11 t_client.py:477 Control loop (ms): 1.62
DEBUG 2026-07-31 22:20:11 t_client.py:477 Control loop (ms): 1.85
DEBUG 2026-07-31 22:20:11 t_client.py:477 Control loop (ms): 1.79
DEBUG 2026-07-31 22:20:11 t_client.py:477 Control loop (ms): 1.69
DEBUG 2026-07-31 22:20:11 t_client.py:477 Control loop (ms): 1.69
DEBUG 2026-07-31 22:20:11 t_client.py:477 Control loop (ms): 1.73
DEBUG 2026-07-31 22:20:11 t_client.py:477 Control loop (ms): 1.79
DEBUG 2026-07-31 22:20:11 t_client.py:477 Control loop (ms): 1.81
DEBUG 2026-07-31 22:20:11 t_client.py:477 Control loop (ms): 1.63
DEBUG 2026-07-31 22:20:11 t_client.py:477 Control loop (ms): 1.84
DEBUG 2026-07-31 22:20:11 t_client.py:477 Control loop (ms): 1.77
DEBUG 2026-07-31 22:20:11 follower.py:188 follower0 SOFollower read state: 1.6ms
DEBUG 2026-07-31 22:20:11 follower.py:196 follower0 SOFollower read base_0_rgb: 0.0ms
DEBUG 2026-07-31 22:20:11 follower.py:196 follower0 SOFollower read left_wrist_0_rgb: 0.0ms
DEBUG 2026-07-31 22:20:11 t_client.py:198 Observation serialization time: 0.000597s
DEBUG 2026-07-31 22:20:11 ort/utils.py:54 [CLIENT] Observation Buffer size 1.7583789825439453 MB with
DEBUG 2026-07-31 22:20:11 ort/utils.py:69 [CLIENT] Observation Sent 1843794/1843794 bytes with state 3
DEBUG 2026-07-31 22:20:11 ort/utils.py:71 [CLIENT] Observation Published 1.7583789825439453 MB
DEBUG 2026-07-31 22:20:17 t_client.py:209 Sent observation #670 | 
DEBUG 2026-07-31 22:20:17 t_client.py:434 QUEUE SIZE: 25 (Must go: False)
DEBUG 2026-07-31 22:20:17 t_client.py:477 Control loop (ms): 5619.98
DEBUG 2026-07-31 22:20:17 follower.py:188 follower0 SOFollower read state: 1.5ms
DEBUG 2026-07-31 22:20:17 follower.py:196 follower0 SOFollower read base_0_rgb: 0.0ms
DEBUG 2026-07-31 22:20:17 follower.py:196 follower0 SOFollower read left_wrist_0_rgb: 0.0ms
DEBUG 2026-07-31 22:20:17 t_client.py:198 Observation serialization time: 0.000455s
DEBUG 2026-07-31 22:20:17 ort/utils.py:54 [CLIENT] Observation Buffer size 1.7583789825439453 MB with
DEBUG 2026-07-31 22:20:17 ort/utils.py:69 [CLIENT] Observation Sent 1843794/1843794 bytes with state 3
DEBUG 2026-07-31 22:20:17 ort/utils.py:71 [CLIENT] Observation Published 1.7583789825439453 MB
DEBUG 2026-07-31 22:20:17 t_client.py:292 Received actions on device: cpu
DEBUG 2026-07-31 22:20:17 t_client.py:302 Actions kept on device: cpu
DEBUG 2026-07-31 22:20:22 t_client.py:209 Sent observation #671 | 
DEBUG 2026-07-31 22:20:22 t_client.py:434 QUEUE SIZE: 24 (Must go: False)
DEBUG 2026-07-31 22:20:22 t_client.py:477 Control loop (ms): 5394.06
DEBUG 2026-07-31 22:20:22 t_client.py:477 Control loop (ms): 2.01
DEBUG 2026-07-31 22:20:23 t_client.py:477 Control loop (ms): 1.98
DEBUG 2026-07-31 22:20:23 t_client.py:477 Control loop (ms): 1.86
DEBUG 2026-07-31 22:20:23 t_client.py:477 Control loop (ms): 1.98
DEBUG 2026-07-31 22:20:23 t_client.py:477 Control loop (ms): 1.96
DEBUG 2026-07-31 22:20:23 t_client.py:477 Control loop (ms): 1.93
DEBUG 2026-07-31 22:20:23 t_client.py:477 Control loop (ms): 2.16
DEBUG 2026-07-31 22:20:23 t_client.py:477 Control loop (ms): 1.73
DEBUG 2026-07-31 22:20:23 t_client.py:477 Control loop (ms): 1.93
DEBUG 2026-07-31 22:20:23 t_client.py:477 Control loop (ms): 2.08
DEBUG 2026-07-31 22:20:23 t_client.py:477 Control loop (ms): 2.04
DEBUG 2026-07-31 22:20:23 t_client.py:292 Received actions on device: cpu
DEBUG 2026-07-31 22:20:23 t_client.py:302 Actions kept on device: cpu
DEBUG 2026-07-31 22:20:23 t_client.py:477 Control loop (ms): 1.74
DEBUG 2026-07-31 22:20:23 t_client.py:477 Control loop (ms): 1.80
DEBUG 2026-07-31 22:20:23 t_client.py:477 Control loop (ms): 2.06
DEBUG 2026-07-31 22:20:23 t_client.py:477 Control loop (ms): 1.91
DEBUG 2026-07-31 22:20:23 t_client.py:477 Control loop (ms): 1.72
DEBUG 2026-07-31 22:20:23 t_client.py:477 Control loop (ms): 1.82
DEBUG 2026-07-31 22:20:23 t_client.py:477 Control loop (ms): 1.91
DEBUG 2026-07-31 22:20:23 t_client.py:477 Control loop (ms): 2.10
DEBUG 2026-07-31 22:20:23 t_client.py:477 Control loop (ms): 1.81
DEBUG 2026-07-31 22:20:23 t_client.py:477 Control loop (ms): 1.95
DEBUG 2026-07-31 22:20:23 t_client.py:477 Control loop (ms): 1.99
DEBUG 2026-07-31 22:20:23 t_client.py:477 Control loop (ms): 1.88
DEBUG 2026-07-31 22:20:23 follower.py:188 follower0 SOFollower read state: 1.6ms
DEBUG 2026-07-31 22:20:23 follower.py:196 follower0 SOFollower read base_0_rgb: 0.0ms
DEBUG 2026-07-31 22:20:23 follower.py:196 follower0 SOFollower read left_wrist_0_rgb: 0.0ms
DEBUG 2026-07-31 22:20:23 t_client.py:198 Observation serialization time: 0.000572s
DEBUG 2026-07-31 22:20:23 ort/utils.py:54 [CLIENT] Observation Buffer size 1.7583789825439453 MB with
DEBUG 2026-07-31 22:20:23 ort/utils.py:69 [CLIENT] Observation Sent 1843794/1843794 bytes with state 3
DEBUG 2026-07-31 22:20:23 ort/utils.py:71 [CLIENT] Observation Published 1.7583789825439453 MB
DEBUG 2026-07-31 22:20:28 t_client.py:209 Sent observation #695 | 
DEBUG 2026-07-31 22:20:28 t_client.py:434 QUEUE SIZE: 25 (Must go: False)
DEBUG 2026-07-31 22:20:28 t_client.py:477 Control loop (ms): 4754.92
DEBUG 2026-07-31 22:20:28 follower.py:188 follower0 SOFollower read state: 1.5ms
DEBUG 2026-07-31 22:20:28 follower.py:196 follower0 SOFollower read base_0_rgb: 0.0ms
DEBUG 2026-07-31 22:20:28 follower.py:196 follower0 SOFollower read left_wrist_0_rgb: 0.0ms
DEBUG 2026-07-31 22:20:28 t_client.py:198 Observation serialization time: 0.000483s
DEBUG 2026-07-31 22:20:28 ort/utils.py:54 [CLIENT] Observation Buffer size 1.7583789825439453 MB with
DEBUG 2026-07-31 22:20:28 ort/utils.py:69 [CLIENT] Observation Sent 1843794/1843794 bytes with state 3
DEBUG 2026-07-31 22:20:28 ort/utils.py:71 [CLIENT] Observation Published 1.7583789825439453 MB
DEBUG 2026-07-31 22:20:28 t_client.py:292 Received actions on device: cpu
DEBUG 2026-07-31 22:20:28 t_client.py:302 Actions kept on device: cpu
DEBUG 2026-07-31 22:20:31 t_client.py:209 Sent observation #696 | 
DEBUG 2026-07-31 22:20:31 t_client.py:434 QUEUE SIZE: 24 (Must go: False)
DEBUG 2026-07-31 22:20:31 t_client.py:477 Control loop (ms): 3031.17
DEBUG 2026-07-31 22:20:31 t_client.py:477 Control loop (ms): 2.12
DEBUG 2026-07-31 22:20:31 t_client.py:477 Control loop (ms): 2.08
DEBUG 2026-07-31 22:20:31 t_client.py:477 Control loop (ms): 2.11
DEBUG 2026-07-31 22:20:31 t_client.py:477 Control loop (ms): 1.77
DEBUG 2026-07-31 22:20:31 t_client.py:477 Control loop (ms): 1.71
DEBUG 2026-07-31 22:20:31 t_client.py:477 Control loop (ms): 1.60
DEBUG 2026-07-31 22:20:31 t_client.py:292 Received actions on device: cpu
DEBUG 2026-07-31 22:20:31 t_client.py:302 Actions kept on device: cpu
DEBUG 2026-07-31 22:20:31 t_client.py:477 Control loop (ms): 1.80
DEBUG 2026-07-31 22:20:31 t_client.py:477 Control loop (ms): 1.72
DEBUG 2026-07-31 22:20:31 t_client.py:477 Control loop (ms): 1.69
DEBUG 2026-07-31 22:20:31 t_client.py:477 Control loop (ms): 1.74
DEBUG 2026-07-31 22:20:31 t_client.py:477 Control loop (ms): 1.89
DEBUG 2026-07-31 22:20:31 t_client.py:477 Control loop (ms): 1.81
DEBUG 2026-07-31 22:20:31 t_client.py:477 Control loop (ms): 1.75
DEBUG 2026-07-31 22:20:31 t_client.py:477 Control loop (ms): 1.74
DEBUG 2026-07-31 22:20:31 t_client.py:477 Control loop (ms): 1.64
DEBUG 2026-07-31 22:20:32 t_client.py:477 Control loop (ms): 1.74
DEBUG 2026-07-31 22:20:32 t_client.py:477 Control loop (ms): 1.86
DEBUG 2026-07-31 22:20:32 t_client.py:477 Control loop (ms): 1.58
DEBUG 2026-07-31 22:20:32 t_client.py:477 Control loop (ms): 1.70
DEBUG 2026-07-31 22:20:32 t_client.py:477 Control loop (ms): 1.67
DEBUG 2026-07-31 22:20:32 t_client.py:477 Control loop (ms): 1.91
DEBUG 2026-07-31 22:20:32 t_client.py:477 Control loop (ms): 1.65
DEBUG 2026-07-31 22:20:32 t_client.py:477 Control loop (ms): 1.78
DEBUG 2026-07-31 22:20:32 follower.py:188 follower0 SOFollower read state: 1.4ms
DEBUG 2026-07-31 22:20:32 follower.py:196 follower0 SOFollower read base_0_rgb: 0.0ms
DEBUG 2026-07-31 22:20:32 follower.py:196 follower0 SOFollower read left_wrist_0_rgb: 0.0ms
DEBUG 2026-07-31 22:20:32 t_client.py:198 Observation serialization time: 0.000624s
DEBUG 2026-07-31 22:20:32 ort/utils.py:54 [CLIENT] Observation Buffer size 1.7583789825439453 MB with
DEBUG 2026-07-31 22:20:32 ort/utils.py:69 [CLIENT] Observation Sent 1843794/1843794 bytes with state 3
DEBUG 2026-07-31 22:20:32 ort/utils.py:71 [CLIENT] Observation Published 1.7583789825439453 MB
DEBUG 2026-07-31 22:20:35 t_client.py:209 Sent observation #720 | 
DEBUG 2026-07-31 22:20:35 t_client.py:434 QUEUE SIZE: 25 (Must go: False)
DEBUG 2026-07-31 22:20:35 t_client.py:477 Control loop (ms): 3343.60
DEBUG 2026-07-31 22:20:35 follower.py:188 follower0 SOFollower read state: 1.7ms
DEBUG 2026-07-31 22:20:35 follower.py:196 follower0 SOFollower read base_0_rgb: 0.0ms
DEBUG 2026-07-31 22:20:35 follower.py:196 follower0 SOFollower read left_wrist_0_rgb: 0.0ms
DEBUG 2026-07-31 22:20:35 t_client.py:198 Observation serialization time: 0.000477s
DEBUG 2026-07-31 22:20:35 ort/utils.py:54 [CLIENT] Observation Buffer size 1.7583789825439453 MB with
DEBUG 2026-07-31 22:20:35 ort/utils.py:69 [CLIENT] Observation Sent 1843794/1843794 bytes with state 3
DEBUG 2026-07-31 22:20:35 ort/utils.py:71 [CLIENT] Observation Published 1.7583789825439453 MB
DEBUG 2026-07-31 22:20:36 t_client.py:292 Received actions on device: cpu
DEBUG 2026-07-31 22:20:36 t_client.py:302 Actions kept on device: cpu
DEBUG 2026-07-31 22:20:39 t_client.py:209 Sent observation #721 | 
DEBUG 2026-07-31 22:20:39 t_client.py:434 QUEUE SIZE: 24 (Must go: False)
DEBUG 2026-07-31 22:20:39 t_client.py:477 Control loop (ms): 3455.79
DEBUG 2026-07-31 22:20:39 t_client.py:477 Control loop (ms): 1.64
DEBUG 2026-07-31 22:20:39 t_client.py:477 Control loop (ms): 1.74
DEBUG 2026-07-31 22:20:39 t_client.py:477 Control loop (ms): 2.44
DEBUG 2026-07-31 22:20:39 t_client.py:477 Control loop (ms): 1.83
DEBUG 2026-07-31 22:20:39 t_client.py:477 Control loop (ms): 1.78
DEBUG 2026-07-31 22:20:39 t_client.py:292 Received actions on device: cpu
DEBUG 2026-07-31 22:20:39 t_client.py:302 Actions kept on device: cpu
DEBUG 2026-07-31 22:20:39 t_client.py:477 Control loop (ms): 1.69
DEBUG 2026-07-31 22:20:39 t_client.py:477 Control loop (ms): 1.84
DEBUG 2026-07-31 22:20:39 t_client.py:477 Control loop (ms): 1.87
DEBUG 2026-07-31 22:20:39 t_client.py:477 Control loop (ms): 1.79
DEBUG 2026-07-31 22:20:39 t_client.py:477 Control loop (ms): 1.81
DEBUG 2026-07-31 22:20:39 t_client.py:477 Control loop (ms): 1.83
DEBUG 2026-07-31 22:20:39 t_client.py:477 Control loop (ms): 1.59
DEBUG 2026-07-31 22:20:39 t_client.py:477 Control loop (ms): 1.82
DEBUG 2026-07-31 22:20:39 t_client.py:477 Control loop (ms): 1.62
DEBUG 2026-07-31 22:20:39 t_client.py:477 Control loop (ms): 1.91
DEBUG 2026-07-31 22:20:39 t_client.py:477 Control loop (ms): 1.61
DEBUG 2026-07-31 22:20:39 t_client.py:477 Control loop (ms): 1.75
DEBUG 2026-07-31 22:20:39 t_client.py:477 Control loop (ms): 1.86
DEBUG 2026-07-31 22:20:39 t_client.py:477 Control loop (ms): 1.72
DEBUG 2026-07-31 22:20:39 t_client.py:477 Control loop (ms): 1.96
DEBUG 2026-07-31 22:20:39 t_client.py:477 Control loop (ms): 1.83
DEBUG 2026-07-31 22:20:39 t_client.py:477 Control loop (ms): 2.00
DEBUG 2026-07-31 22:20:39 t_client.py:477 Control loop (ms): 1.74
DEBUG 2026-07-31 22:20:39 follower.py:188 follower0 SOFollower read state: 1.4ms
DEBUG 2026-07-31 22:20:39 follower.py:196 follower0 SOFollower read base_0_rgb: 0.0ms
DEBUG 2026-07-31 22:20:39 follower.py:196 follower0 SOFollower read left_wrist_0_rgb: 0.0ms
DEBUG 2026-07-31 22:20:39 t_client.py:198 Observation serialization time: 0.000468s
DEBUG 2026-07-31 22:20:39 ort/utils.py:54 [CLIENT] Observation Buffer size 1.7583789825439453 MB with
DEBUG 2026-07-31 22:20:39 ort/utils.py:69 [CLIENT] Observation Sent 1843794/1843794 bytes with state 3
DEBUG 2026-07-31 22:20:39 ort/utils.py:71 [CLIENT] Observation Published 1.7583789825439453 MB
DEBUG 2026-07-31 22:20:44 t_client.py:209 Sent observation #745 | 
DEBUG 2026-07-31 22:20:44 t_client.py:434 QUEUE SIZE: 25 (Must go: False)
DEBUG 2026-07-31 22:20:44 t_client.py:477 Control loop (ms): 5014.69
DEBUG 2026-07-31 22:20:44 follower.py:188 follower0 SOFollower read state: 1.8ms
DEBUG 2026-07-31 22:20:44 follower.py:196 follower0 SOFollower read base_0_rgb: 0.0ms
DEBUG 2026-07-31 22:20:44 follower.py:196 follower0 SOFollower read left_wrist_0_rgb: 0.0ms
DEBUG 2026-07-31 22:20:44 t_client.py:198 Observation serialization time: 0.000953s
DEBUG 2026-07-31 22:20:44 ort/utils.py:54 [CLIENT] Observation Buffer size 1.7583789825439453 MB with
DEBUG 2026-07-31 22:20:44 ort/utils.py:69 [CLIENT] Observation Sent 1843794/1843794 bytes with state 3
DEBUG 2026-07-31 22:20:44 ort/utils.py:71 [CLIENT] Observation Published 1.7583789825439453 MB
DEBUG 2026-07-31 22:20:45 t_client.py:292 Received actions on device: cpu
DEBUG 2026-07-31 22:20:45 t_client.py:302 Actions kept on device: cpu
DEBUG 2026-07-31 22:20:48 t_client.py:209 Sent observation #746 | 
DEBUG 2026-07-31 22:20:48 t_client.py:434 QUEUE SIZE: 24 (Must go: False)
DEBUG 2026-07-31 22:20:48 t_client.py:477 Control loop (ms): 4098.16
DEBUG 2026-07-31 22:20:48 t_client.py:477 Control loop (ms): 2.70
DEBUG 2026-07-31 22:20:49 t_client.py:477 Control loop (ms): 2.54
DEBUG 2026-07-31 22:20:49 t_client.py:477 Control loop (ms): 2.17
DEBUG 2026-07-31 22:20:49 t_client.py:477 Control loop (ms): 1.77
DEBUG 2026-07-31 22:20:49 t_client.py:477 Control loop (ms): 1.91
DEBUG 2026-07-31 22:20:49 t_client.py:477 Control loop (ms): 1.90
DEBUG 2026-07-31 22:20:49 t_client.py:477 Control loop (ms): 2.08
DEBUG 2026-07-31 22:20:49 t_client.py:292 Received actions on device: cpu
DEBUG 2026-07-31 22:20:49 t_client.py:302 Actions kept on device: cpu
DEBUG 2026-07-31 22:20:49 t_client.py:477 Control loop (ms): 1.69
DEBUG 2026-07-31 22:20:49 t_client.py:477 Control loop (ms): 1.81
DEBUG 2026-07-31 22:20:49 t_client.py:477 Control loop (ms): 2.12
DEBUG 2026-07-31 22:20:49 t_client.py:477 Control loop (ms): 1.89
DEBUG 2026-07-31 22:20:49 t_client.py:477 Control loop (ms): 1.97
DEBUG 2026-07-31 22:20:49 t_client.py:477 Control loop (ms): 2.05
DEBUG 2026-07-31 22:20:49 t_client.py:477 Control loop (ms): 1.98
DEBUG 2026-07-31 22:20:49 t_client.py:477 Control loop (ms): 1.86
DEBUG 2026-07-31 22:20:49 t_client.py:477 Control loop (ms): 1.94
DEBUG 2026-07-31 22:20:49 t_client.py:477 Control loop (ms): 2.06
DEBUG 2026-07-31 22:20:49 t_client.py:477 Control loop (ms): 1.87
DEBUG 2026-07-31 22:20:49 t_client.py:477 Control loop (ms): 1.87
DEBUG 2026-07-31 22:20:49 t_client.py:477 Control loop (ms): 2.01
DEBUG 2026-07-31 22:20:49 t_client.py:477 Control loop (ms): 1.96
DEBUG 2026-07-31 22:20:49 t_client.py:477 Control loop (ms): 2.02
DEBUG 2026-07-31 22:20:49 t_client.py:477 Control loop (ms): 2.00
DEBUG 2026-07-31 22:20:49 follower.py:188 follower0 SOFollower read state: 1.4ms
DEBUG 2026-07-31 22:20:49 follower.py:196 follower0 SOFollower read base_0_rgb: 0.0ms
DEBUG 2026-07-31 22:20:49 follower.py:196 follower0 SOFollower read left_wrist_0_rgb: 0.0ms
DEBUG 2026-07-31 22:20:49 t_client.py:198 Observation serialization time: 0.000563s
DEBUG 2026-07-31 22:20:49 ort/utils.py:54 [CLIENT] Observation Buffer size 1.7583789825439453 MB with
DEBUG 2026-07-31 22:20:49 ort/utils.py:69 [CLIENT] Observation Sent 1843794/1843794 bytes with state 3
DEBUG 2026-07-31 22:20:49 ort/utils.py:71 [CLIENT] Observation Published 1.7583789825439453 MB
DEBUG 2026-07-31 22:20:53 t_client.py:209 Sent observation #770 | 
DEBUG 2026-07-31 22:20:53 t_client.py:434 QUEUE SIZE: 25 (Must go: False)
DEBUG 2026-07-31 22:20:53 t_client.py:477 Control loop (ms): 4246.17
DEBUG 2026-07-31 22:20:53 follower.py:188 follower0 SOFollower read state: 1.5ms
DEBUG 2026-07-31 22:20:53 follower.py:196 follower0 SOFollower read base_0_rgb: 0.0ms
DEBUG 2026-07-31 22:20:53 follower.py:196 follower0 SOFollower read left_wrist_0_rgb: 0.0ms
DEBUG 2026-07-31 22:20:53 t_client.py:198 Observation serialization time: 0.000465s
DEBUG 2026-07-31 22:20:53 ort/utils.py:54 [CLIENT] Observation Buffer size 1.7583789825439453 MB with
DEBUG 2026-07-31 22:20:53 ort/utils.py:69 [CLIENT] Observation Sent 1843794/1843794 bytes with state 3
DEBUG 2026-07-31 22:20:53 ort/utils.py:71 [CLIENT] Observation Published 1.7583789825439453 MB
DEBUG 2026-07-31 22:20:54 t_client.py:292 Received actions on device: cpu
DEBUG 2026-07-31 22:20:54 t_client.py:302 Actions kept on device: cpu
DEBUG 2026-07-31 22:20:57 t_client.py:209 Sent observation #771 | 
DEBUG 2026-07-31 22:20:57 t_client.py:434 QUEUE SIZE: 24 (Must go: False)
DEBUG 2026-07-31 22:20:57 t_client.py:477 Control loop (ms): 3934.29
DEBUG 2026-07-31 22:20:57 t_client.py:477 Control loop (ms): 1.83
DEBUG 2026-07-31 22:20:57 t_client.py:477 Control loop (ms): 1.77
DEBUG 2026-07-31 22:20:57 t_client.py:477 Control loop (ms): 2.07
DEBUG 2026-07-31 22:20:58 t_client.py:477 Control loop (ms): 1.97
DEBUG 2026-07-31 22:20:58 t_client.py:477 Control loop (ms): 1.93
DEBUG 2026-07-31 22:20:58 t_client.py:477 Control loop (ms): 1.74
DEBUG 2026-07-31 22:20:58 t_client.py:477 Control loop (ms): 2.14
DEBUG 2026-07-31 22:20:58 t_client.py:477 Control loop (ms): 1.78
DEBUG 2026-07-31 22:20:58 t_client.py:477 Control loop (ms): 1.90
DEBUG 2026-07-31 22:20:58 t_client.py:477 Control loop (ms): 1.88
DEBUG 2026-07-31 22:20:58 t_client.py:477 Control loop (ms): 2.26
DEBUG 2026-07-31 22:20:58 t_client.py:292 Received actions on device: cpu
DEBUG 2026-07-31 22:20:58 t_client.py:302 Actions kept on device: cpu
DEBUG 2026-07-31 22:20:58 t_client.py:477 Control loop (ms): 1.71
DEBUG 2026-07-31 22:20:58 t_client.py:477 Control loop (ms): 2.21
DEBUG 2026-07-31 22:20:58 t_client.py:477 Control loop (ms): 2.04
DEBUG 2026-07-31 22:20:58 t_client.py:477 Control loop (ms): 1.85
DEBUG 2026-07-31 22:20:58 t_client.py:477 Control loop (ms): 1.68
DEBUG 2026-07-31 22:20:58 t_client.py:477 Control loop (ms): 1.89
DEBUG 2026-07-31 22:20:58 t_client.py:477 Control loop (ms): 1.80
DEBUG 2026-07-31 22:20:58 t_client.py:477 Control loop (ms): 2.14
DEBUG 2026-07-31 22:20:58 t_client.py:477 Control loop (ms): 1.93
DEBUG 2026-07-31 22:20:58 t_client.py:477 Control loop (ms): 2.03
DEBUG 2026-07-31 22:20:58 t_client.py:477 Control loop (ms): 1.96
DEBUG 2026-07-31 22:20:58 t_client.py:477 Control loop (ms): 2.05
DEBUG 2026-07-31 22:20:58 follower.py:188 follower0 SOFollower read state: 1.4ms
DEBUG 2026-07-31 22:20:58 follower.py:196 follower0 SOFollower read base_0_rgb: 0.0ms
DEBUG 2026-07-31 22:20:58 follower.py:196 follower0 SOFollower read left_wrist_0_rgb: 0.0ms
DEBUG 2026-07-31 22:20:58 t_client.py:198 Observation serialization time: 0.000497s
DEBUG 2026-07-31 22:20:58 ort/utils.py:54 [CLIENT] Observation Buffer size 1.7583789825439453 MB with
DEBUG 2026-07-31 22:20:58 ort/utils.py:69 [CLIENT] Observation Sent 1843794/1843794 bytes with state 3
DEBUG 2026-07-31 22:20:58 ort/utils.py:71 [CLIENT] Observation Published 1.7583789825439453 MB
DEBUG 2026-07-31 22:21:03 t_client.py:209 Sent observation #795 | 
DEBUG 2026-07-31 22:21:03 t_client.py:434 QUEUE SIZE: 25 (Must go: False)
DEBUG 2026-07-31 22:21:03 t_client.py:477 Control loop (ms): 4871.88
DEBUG 2026-07-31 22:21:03 follower.py:188 follower0 SOFollower read state: 1.4ms
DEBUG 2026-07-31 22:21:03 follower.py:196 follower0 SOFollower read base_0_rgb: 0.0ms
DEBUG 2026-07-31 22:21:03 follower.py:196 follower0 SOFollower read left_wrist_0_rgb: 0.0ms
DEBUG 2026-07-31 22:21:03 t_client.py:198 Observation serialization time: 0.000540s
DEBUG 2026-07-31 22:21:03 ort/utils.py:54 [CLIENT] Observation Buffer size 1.7583789825439453 MB with
DEBUG 2026-07-31 22:21:03 ort/utils.py:69 [CLIENT] Observation Sent 1843794/1843794 bytes with state 3
DEBUG 2026-07-31 22:21:03 ort/utils.py:71 [CLIENT] Observation Published 1.7583789825439453 MB
DEBUG 2026-07-31 22:21:03 t_client.py:292 Received actions on device: cpu
DEBUG 2026-07-31 22:21:03 t_client.py:302 Actions kept on device: cpu
DEBUG 2026-07-31 22:21:09 t_client.py:209 Sent observation #796 | 
DEBUG 2026-07-31 22:21:09 t_client.py:434 QUEUE SIZE: 24 (Must go: False)
DEBUG 2026-07-31 22:21:09 t_client.py:477 Control loop (ms): 5731.05
DEBUG 2026-07-31 22:21:09 t_client.py:477 Control loop (ms): 2.10
DEBUG 2026-07-31 22:21:09 t_client.py:477 Control loop (ms): 2.46
DEBUG 2026-07-31 22:21:09 t_client.py:477 Control loop (ms): 2.03
DEBUG 2026-07-31 22:21:09 t_client.py:477 Control loop (ms): 1.94
DEBUG 2026-07-31 22:21:09 t_client.py:477 Control loop (ms): 1.74
DEBUG 2026-07-31 22:21:09 t_client.py:477 Control loop (ms): 1.96
DEBUG 2026-07-31 22:21:09 t_client.py:477 Control loop (ms): 1.79
DEBUG 2026-07-31 22:21:09 t_client.py:477 Control loop (ms): 1.87
DEBUG 2026-07-31 22:21:09 t_client.py:477 Control loop (ms): 1.83
DEBUG 2026-07-31 22:21:09 t_client.py:477 Control loop (ms): 1.76
DEBUG 2026-07-31 22:21:09 t_client.py:477 Control loop (ms): 1.95
DEBUG 2026-07-31 22:21:09 t_client.py:477 Control loop (ms): 1.84
DEBUG 2026-07-31 22:21:09 t_client.py:292 Received actions on device: cpu
DEBUG 2026-07-31 22:21:09 t_client.py:302 Actions kept on device: cpu
DEBUG 2026-07-31 22:21:09 t_client.py:477 Control loop (ms): 1.71
DEBUG 2026-07-31 22:21:09 t_client.py:477 Control loop (ms): 2.11
DEBUG 2026-07-31 22:21:09 t_client.py:477 Control loop (ms): 1.84
DEBUG 2026-07-31 22:21:09 t_client.py:477 Control loop (ms): 1.93
DEBUG 2026-07-31 22:21:09 t_client.py:477 Control loop (ms): 1.77
DEBUG 2026-07-31 22:21:09 t_client.py:477 Control loop (ms): 1.82
DEBUG 2026-07-31 22:21:09 t_client.py:477 Control loop (ms): 1.77
DEBUG 2026-07-31 22:21:09 t_client.py:477 Control loop (ms): 1.73
DEBUG 2026-07-31 22:21:09 t_client.py:477 Control loop (ms): 1.81
DEBUG 2026-07-31 22:21:10 t_client.py:477 Control loop (ms): 1.88
DEBUG 2026-07-31 22:21:10 t_client.py:477 Control loop (ms): 2.20
DEBUG 2026-07-31 22:21:10 follower.py:188 follower0 SOFollower read state: 1.7ms
DEBUG 2026-07-31 22:21:10 follower.py:196 follower0 SOFollower read base_0_rgb: 0.0ms
DEBUG 2026-07-31 22:21:10 follower.py:196 follower0 SOFollower read left_wrist_0_rgb: 0.0ms
DEBUG 2026-07-31 22:21:10 t_client.py:198 Observation serialization time: 0.000548s
DEBUG 2026-07-31 22:21:10 ort/utils.py:54 [CLIENT] Observation Buffer size 1.7583789825439453 MB with
DEBUG 2026-07-31 22:21:10 ort/utils.py:69 [CLIENT] Observation Sent 1843794/1843794 bytes with state 3
DEBUG 2026-07-31 22:21:10 ort/utils.py:71 [CLIENT] Observation Published 1.7583789825439453 MB
DEBUG 2026-07-31 22:21:15 t_client.py:209 Sent observation #820 | 
DEBUG 2026-07-31 22:21:15 t_client.py:434 QUEUE SIZE: 25 (Must go: False)
DEBUG 2026-07-31 22:21:15 t_client.py:477 Control loop (ms): 5619.59
DEBUG 2026-07-31 22:21:15 follower.py:188 follower0 SOFollower read state: 1.4ms
DEBUG 2026-07-31 22:21:15 follower.py:196 follower0 SOFollower read base_0_rgb: 0.0ms
DEBUG 2026-07-31 22:21:15 follower.py:196 follower0 SOFollower read left_wrist_0_rgb: 0.0ms
DEBUG 2026-07-31 22:21:15 t_client.py:198 Observation serialization time: 0.000494s
DEBUG 2026-07-31 22:21:15 ort/utils.py:54 [CLIENT] Observation Buffer size 1.7583789825439453 MB with
DEBUG 2026-07-31 22:21:15 ort/utils.py:69 [CLIENT] Observation Sent 1843794/1843794 bytes with state 3
DEBUG 2026-07-31 22:21:15 ort/utils.py:71 [CLIENT] Observation Published 1.7583789825439453 MB
DEBUG 2026-07-31 22:21:16 t_client.py:292 Received actions on device: cpu
DEBUG 2026-07-31 22:21:16 t_client.py:302 Actions kept on device: cpu
DEBUG 2026-07-31 22:21:20 t_client.py:209 Sent observation #821 | 
DEBUG 2026-07-31 22:21:20 t_client.py:434 QUEUE SIZE: 24 (Must go: False)
DEBUG 2026-07-31 22:21:20 t_client.py:477 Control loop (ms): 4332.03
DEBUG 2026-07-31 22:21:20 t_client.py:477 Control loop (ms): 2.40
DEBUG 2026-07-31 22:21:20 t_client.py:477 Control loop (ms): 2.47
DEBUG 2026-07-31 22:21:20 t_client.py:477 Control loop (ms): 1.89
DEBUG 2026-07-31 22:21:20 t_client.py:477 Control loop (ms): 2.21
DEBUG 2026-07-31 22:21:20 t_client.py:477 Control loop (ms): 1.85
DEBUG 2026-07-31 22:21:20 t_client.py:477 Control loop (ms): 1.89
DEBUG 2026-07-31 22:21:20 t_client.py:477 Control loop (ms): 2.14
DEBUG 2026-07-31 22:21:20 t_client.py:477 Control loop (ms): 1.93
DEBUG 2026-07-31 22:21:20 t_client.py:477 Control loop (ms): 1.99
DEBUG 2026-07-31 22:21:20 t_client.py:477 Control loop (ms): 2.15
DEBUG 2026-07-31 22:21:20 t_client.py:477 Control loop (ms): 1.97
DEBUG 2026-07-31 22:21:20 t_client.py:477 Control loop (ms): 1.75
DEBUG 2026-07-31 22:21:20 t_client.py:477 Control loop (ms): 4.48
DEBUG 2026-07-31 22:21:20 t_client.py:292 Received actions on device: cpu
DEBUG 2026-07-31 22:21:20 t_client.py:302 Actions kept on device: cpu
DEBUG 2026-07-31 22:21:20 t_client.py:477 Control loop (ms): 1.87
DEBUG 2026-07-31 22:21:20 t_client.py:477 Control loop (ms): 1.88
DEBUG 2026-07-31 22:21:20 t_client.py:477 Control loop (ms): 1.81
DEBUG 2026-07-31 22:21:20 t_client.py:477 Control loop (ms): 2.14
DEBUG 2026-07-31 22:21:20 t_client.py:477 Control loop (ms): 2.00
DEBUG 2026-07-31 22:21:20 t_client.py:477 Control loop (ms): 2.07
DEBUG 2026-07-31 22:21:20 t_client.py:477 Control loop (ms): 1.81
DEBUG 2026-07-31 22:21:20 t_client.py:477 Control loop (ms): 1.90
DEBUG 2026-07-31 22:21:20 t_client.py:477 Control loop (ms): 3.41
DEBUG 2026-07-31 22:21:20 t_client.py:477 Control loop (ms): 2.53
DEBUG 2026-07-31 22:21:20 follower.py:188 follower0 SOFollower read state: 1.5ms
DEBUG 2026-07-31 22:21:20 follower.py:196 follower0 SOFollower read base_0_rgb: 0.0ms
DEBUG 2026-07-31 22:21:20 follower.py:196 follower0 SOFollower read left_wrist_0_rgb: 0.0ms
DEBUG 2026-07-31 22:21:20 t_client.py:198 Observation serialization time: 0.000535s
DEBUG 2026-07-31 22:21:20 ort/utils.py:54 [CLIENT] Observation Buffer size 1.7583789825439453 MB with
DEBUG 2026-07-31 22:21:20 ort/utils.py:69 [CLIENT] Observation Sent 1843794/1843794 bytes with state 3
DEBUG 2026-07-31 22:21:20 ort/utils.py:71 [CLIENT] Observation Published 1.7583789825439453 MB
DEBUG 2026-07-31 22:21:26 t_client.py:209 Sent observation #845 | 
DEBUG 2026-07-31 22:21:26 t_client.py:434 QUEUE SIZE: 25 (Must go: False)
DEBUG 2026-07-31 22:21:26 t_client.py:477 Control loop (ms): 5226.28
DEBUG 2026-07-31 22:21:26 follower.py:188 follower0 SOFollower read state: 1.4ms
DEBUG 2026-07-31 22:21:26 follower.py:196 follower0 SOFollower read base_0_rgb: 0.0ms
DEBUG 2026-07-31 22:21:26 follower.py:196 follower0 SOFollower read left_wrist_0_rgb: 0.0ms
DEBUG 2026-07-31 22:21:26 t_client.py:198 Observation serialization time: 0.000555s
DEBUG 2026-07-31 22:21:26 ort/utils.py:54 [CLIENT] Observation Buffer size 1.7583789825439453 MB with
DEBUG 2026-07-31 22:21:26 ort/utils.py:69 [CLIENT] Observation Sent 1843794/1843794 bytes with state 3
DEBUG 2026-07-31 22:21:26 ort/utils.py:71 [CLIENT] Observation Published 1.7583789825439453 MB
DEBUG 2026-07-31 22:21:26 t_client.py:292 Received actions on device: cpu
DEBUG 2026-07-31 22:21:26 t_client.py:302 Actions kept on device: cpu
DEBUG 2026-07-31 22:21:29 tors_bus.py:561 FeetechMotorsBus disconnected.
INFO 2026-07-31 22:21:29 a_opencv.py:601 OpenCVCamera(/dev/video6) disconnected.
INFO 2026-07-31 22:21:29 a_opencv.py:601 OpenCVCamera(/dev/video4) disconnected.
INFO 2026-07-31 22:21:29 follower.py:240 follower0 SOFollower disconnected.
DEBUG 2026-07-31 22:21:29 t_client.py:178 Robot disconnected
DEBUG 2026-07-31 22:21:29 t_client.py:181 Client stopped, channel closed
ERROR 2026-07-31 22:21:29 t_client.py:359 Error receiving actions: <_InactiveRpcError of RPC that terminated with:
	status = StatusCode.CANCELLED
	details = "Channel closed!"
	debug_error_string = "CANCELLED:Channel closed!"
>
INFO 2026-07-31 22:21:29 t_client.py:512 Client stopped
